name,call,link,sc,innercall
"Wong, Pak-Heung",1966,barrister/wong-pak-heung,False,False
"Lee, Martin C.M., S.C.",1966,barrister/lee-martin-cm-sc,True,1979
"Fung, Patrick, S.C.",1970,barrister/fung-patrick-sc,True,1995
"Chang, Denis K.L., S.C.",1970,barrister/chang-denis-kl-sc,True,1981
"Leong, Jacqueline P., S.C. (Ms)",1971,barrister/leong-jacqueline-p-sc-ms,True,1990
"Wong, Ronny F.H., S.C.",1973,barrister/wong-ronny-fh-sc,True,1990
"Tam, Maria W.C. (Ms)",1974,barrister/tam-maria-wc-ms,False,False
"Kwok, Kenneth H.W., S.C.",1974,barrister/kwok-kenneth-hw-sc,True,1993
"Chan, Edward K.S., S.C.",1975,barrister/chan-edward-ks-sc,True,1989
"Liao, Andrew, S.C.",1975,barrister/liao-andrew-sc,True,1989
"Hoo, Alan, S.C.",1975,barrister/hoo-alan-sc,True,1990
"Tong, Ronny K.W., S.C.",1975,barrister/tong-ronny-kw-sc,True,1990
"Necholas, John",1975,barrister/necholas-john,False,False
"Bleach, John H.N., S.C.",1975,barrister/bleach-john-hn-sc,True,1995
"Barretto, Ruy, S.C.",1975,barrister/barretto-ruy-sc,True,2001
"Mok, Yeuk-Chi",1975,barrister/mok-yeuk-chi,False,False
"Wong, Ching Y., S.C.",1975,barrister/wong-ching-y-sc,True,1997
"Kotewall, Robert G., S.C.",1976,barrister/kotewall-robert-g-sc,True,1989
"Cheng, Huan, S.C.",1976,barrister/cheng-huan-sc,True,1988
"Neoh, Anthony F., S.C.",1976,barrister/neoh-anthony-f-sc,True,1990
"Yuen, Henry M.",1976,barrister/yuen-henry-m,False,False
"Leung, Raymond Wai Man",1976,barrister/leung-raymond-wai-man,False,False
"Poon, Winston, S.C.",1976,barrister/poon-winston-sc,True,1996
"Pirie, Nicholas F.F.",1976,barrister/pirie-nicholas-ff,False,False
"Ma, Stephen Ming-Tak",1976,barrister/ma-stephen-ming-tak,False,False
"Whitehead, Robert, S.C.",1977,barrister/whitehead-robert-sc,True,2000
"Ozorio, Michael, S.C.",1977,barrister/ozorio-michael-sc,True,1996
"Huggins, Adrian, S.C.",1977,barrister/huggins-adrian-sc,True,1991
"Fung, Daniel R., S.C.",1977,barrister/fung-daniel-r-sc,True,1990
"Moosdeen, Munira (Ms)",1977,barrister/moosdeen-munira-ms,False,False
"Mok, Alice, S.C. (Ms)",1977,barrister/mok-alice-sc-ms,True,1997
"Suen, Kam-Hee",1977,barrister/suen-kam-hee,False,False
"Ho, B.K.",1977,barrister/ho-bk,False,False
"Chan, Warren C.H., S.C.",1978,barrister/chan-warren-ch-sc,True,1994
"Ramanathan, Kumar, S.C.",1978,barrister/ramanathan-kumar-sc,True,2009
"Wong, Po-Wing",1978,barrister/wong-po-wing,False,False
"Li, Gladys, S.C. (Ms)",1978,barrister/li-gladys-sc-ms,True,1990
"Eu, Audrey, S.C. (Ms)",1978,barrister/eu-audrey-sc-ms,True,1993
"Remedios, Corinne D'A (Ms)",1978,barrister/remedios-corinne-da-ms,False,False
"Lai, Thomas Yim-Mo",1978,barrister/lai-thomas-yim-mo,False,False
"Yu, Benjamin, S.C.",1979,barrister/yu-benjamin-sc,True,1995
"Lok, Lawrence, S.C.",1979,barrister/lok-lawrence-sc,True,1994
"Remedios, Leo",1979,barrister/remedios-leo,False,False
"Sujanani, Ramesh K.",1979,barrister/sujanani-ramesh-k,False,False
"Ismail, Anthony",1979,barrister/ismail-anthony,False,False
"Fung, Alfred K.C.",1979,barrister/fung-alfred-kc,False,False
"Lau, Walter",1979,barrister/lau-walter,False,False
"Chan, Siu-Ming",1979,barrister/chan-siu-ming,False,False
"Iu, Thomas P.S.",1979,barrister/iu-thomas-ps,False,False
"Lee, Peter C.T.",1980,barrister/lee-peter-ct,False,False
"Chain, Benjamin",1980,barrister/chain-benjamin,False,False
"Chan, Paul P.L.",1980,barrister/chan-paul-pl,False,False
"Fenton, Jeffrey George",1980,barrister/fenton-jeffrey-george,False,False
"Ho, Kenneth K.M.",1980,barrister/ho-kenneth-km,False,False
"Westbrook, Simon N., S.C.",1981,barrister/westbrook-simon-n-sc,True,2001
"Wu, Roderick K.F.",1981,barrister/wu-roderick-kf,False,False
"Souyave, Adrien Armand",1981,barrister/souyave-adrien-armand,False,False
"Chong, Kai-Man",1981,barrister/chong-kai-man,False,False
"Wong, Alexander",1981,barrister/wong-alexander,False,False
"Tang, Ronald Hon-Bui",1981,barrister/tang-ronald-hon-bui,False,False
"Wai, Terence",1981,barrister/wai-terence,False,False
"Chan, Kevin",1981,barrister/chan-kevin,False,False
"Aiken, Nigel, S.C.",1981,barrister/aiken-nigel-sc,True,1994
"Whitehouse, Frederic C.",1981,barrister/whitehouse-frederic-c,False,False
"Lui, Kit Ling",1982,barrister/lui-kit-ling,False,False
"Chan, Johannes M.M., S.C. (Hon.)",1982,barrister/chan-johannes-mm-sc-hon,True,2003
"Lim, Patrick D.",1982,barrister/lim-patrick-d,False,False
"Clayton, Peter D., S.C.",1982,barrister/clayton-peter-d-sc,True,2005
"Wong, Hay-Yiu",1982,barrister/wong-hay-yiu,False,False
"Hingorani, Jeevan",1982,barrister/hingorani-jeevan,False,False
"Hemmings, John",1982,barrister/hemmings-john,False,False
"Pinto, Josephine (Ms)",1982,barrister/pinto-josephine-ms,False,False
"Smith, Clifford, S.C.",1982,barrister/smith-clifford-sc,True,2001
"Merry, Malcolm",1982,barrister/merry-malcolm,False,False
"Chu, Tak",1983,barrister/chu-tak,False,False
"Sussex, Charles, S.C.",1983,barrister/sussex-charles-sc,True,2000
"Wong, Richard T.W.",1983,barrister/wong-richard-tw,False,False
"Law, Dennis",1983,barrister/law-dennis,False,False
"Wong, Priscilla (Ms)",1983,barrister/wong-priscilla-ms,False,False
"Chan, Kenneth G.M.",1983,barrister/chan-kenneth-gm,False,False
"Yau, Albert K.C.",1983,barrister/yau-albert-kc,False,False
"Pedruco, Luiz A. da Silva",1983,barrister/pedruco-luiz-da-silva,False,False
"Leong, Alan K.K., S.C.",1983,barrister/leong-alan-kk-sc,True,1998
"Yu, Denis G.Q.C.",1983,barrister/yu-denis-gqc,False,False
"Plowman, Gary J., S.C.",1984,barrister/plowman-gary-j-sc,True,1993
"Barlow, Barrie, S.C.",1984,barrister/barlow-barrie-sc,True,2007
"Pennicott, Ian, S.C.",1984,barrister/pennicott-ian-sc,True,2014
"Wong, Horace Y.L., S.C.",1984,barrister/wong-horace-yl-sc,True,2004
"Kat, Nigel, S.C.",1984,barrister/kat-nigel-sc,True,2015
"Yan, John M.Y., S.C.",1984,barrister/yan-john-my-sc,True,2003
"Ho, Ambrose, S.C.",1984,barrister/ho-ambrose-sc,True,2000
"Chan, Chi Hung, S.C.",1984,barrister/chan-chi-hung-sc,True,2005
"Tam, Winnie, S.C. (Ms)",1984,barrister/tam-winnie-sc-ms,True,2006
"Tse, Joseph W.Y., S.C.",1984,barrister/tse-joseph-wy-sc,True,2006
"Kwok, Tim",1984,barrister/kwok-tim,False,False
"Wong, Philip",1984,barrister/wong-philip,False,False
"Cheung, Patrick W.S.",1984,barrister/cheung-patrick-ws,False,False
"Tse, Hon-Yuen",1984,barrister/tse-hon-yuen,False,False
"Lau, Eric Y.N.",1984,barrister/lau-eric-yn,False,False
"Yuen, Kenneth K.L.",1985,barrister/yuen-kenneth-kl,False,False
"Marray, John",1985,barrister/marray-john,False,False
"Liao, Martin C.K.",1985,barrister/liao-martin-ck,False,False
"Lam, Cissy K.S. (Ms)",1985,barrister/lam-cissy-ks-ms,False,False
"Laskey, Edward F. Le B.",1985,barrister/laskey-edward-f-le-b,False,False
"Dykes, Philip John, S.C.",1985,barrister/dykes-philip-john-sc,True,1997
"Remedios, Lisa D'Almada (Ms)",1985,barrister/remedios-lisa-dalmada-ms,False,False
"Shum, Erik Sze-Man",1985,barrister/shum-erik-sze-man,False,False
"Cheung, Kam Fai Peter",1985,barrister/cheung-kam-fai-peter,False,False
"Wong, Chi-Kwong",1985,barrister/wong-chi-kwong,False,False
"Elkinson, Jeffrey P.",1985,barrister/elkinson-jeffrey-p,False,False
"Sarony, Neville Leslie, S.C.",1985,barrister/sarony-neville-leslie-sc,True,1992
"Wong, Man-Kit, S.C.",1985,barrister/wong-man-kit-sc,True,2001
"Luk, Arthur, S.C.",1985,barrister/luk-arthur-sc,True,2002
"Wright, John",1985,barrister/wright-john,False,False
"Polson, Ian H.",1985,barrister/polson-ian-h,False,False
"Panesar, Mahinder M. (Ms)",1985,barrister/panesar-mahinder-m-ms,False,False
"Chiu, Simon Chun-Wan",1985,barrister/chiu-simon-chun-wan,False,False
"Kwok, Eric T.M., S.C.",1985,barrister/kwok-eric-tm-sc,True,2004
"Harris, Graham A., S.C.",1985,barrister/harris-graham-sc,True,2011
"Ma, Jimmy Y.T.",1985,barrister/ma-jimmy-yt,False,False
"Shaw, Jonathan L.M.",1986,barrister/shaw-jonathan-lm,False,False
"Sham, Chung Ping Alain",1986,barrister/sham-chung-ping-alain,False,False
"Allan, William G.",1986,barrister/allan-william-g,False,False
"Leung, Paul C.L.",1986,barrister/leung-paul-cl,False,False
"Percy, Duncan C.H.",1986,barrister/percy-duncan-ch,False,False
"Pow, Jason W.N., S.C.",1986,barrister/pow-jason-wn-sc,True,2005
"Yuen, Bernard",1986,barrister/yuen-bernard,False,False
"Wong, Newman",1986,barrister/wong-newman,False,False
"Mok, Johnny S.L., S.C.",1986,barrister/mok-johnny-sl-sc,True,2006
"Scott, John A., S.C.",1986,barrister/scott-john-sc,True,1996
"Wu, Paul K.N.",1986,barrister/wu-paul-kn,False,False
"Mughal, Hanif M.",1986,barrister/mughal-hanif-m,False,False
"Lee, Lambert K.C.",1986,barrister/lee-lambert-kc,False,False
"Andrews, Robert C.",1986,barrister/andrews-robert-c,False,False
"Hung, Andy Hing-Shek",1986,barrister/hung-andy-hing-shek,False,False
"Grounds, Christopher",1986,barrister/grounds-christopher,False,False
"Leung, Alfred Tin-Yau",1986,barrister/leung-alfred-tin-yau,False,False
"Lee, Susanna W.Y. (Ms)",1986,barrister/lee-susanna-wy-ms,False,False
"Yu, Raymond C.C.",1986,barrister/yu-raymond-cc,False,False
"Chih, Vivian (Ms)",1986,barrister/chih-vivian-ms,False,False
"Chow, Juliana H.L. (Ms)",1986,barrister/chow-juliana-hl-ms,False,False
"Fisher, Gordon William",1986,barrister/fisher-gordon-william,False,False
"Kwan, Thelma T.M. (Ms)",1986,barrister/kwan-thelma-tm-ms,False,False
"So, Selwyn K.M.",1986,barrister/so-selwyn-km,False,False
"Chan, K.C.",1986,barrister/chan-kc,False,False
"Yim, Valentine S.T.",1986,barrister/yim-valentine-st,False,False
"Pao, Felix Ho Ming",1986,barrister/pao-felix-ho-ming,False,False
"Poon, Jackson C.P.",1986,barrister/poon-jackson-cp,False,False
"Fung, Catherine Shuk Yin (Ms)",1987,barrister/fung-catherine-shuk-yin-ms,False,False
"Chua, Guan-Hock, S.C.",1987,barrister/chua-guan-hock-sc,True,2003
"Raffell, Andrew J.",1987,barrister/raffell-andrew-j,False,False
"Chan, Chi-Man",1987,barrister/chan-chi-man,False,False
"Li, Chau-Yuen, S.C.",1987,barrister/li-chau-yuen-sc,True,2012
"McGuinniety, Edward L.",1987,barrister/mcguinniety-edward-l,False,False
"Lo, Francis H.C.",1987,barrister/lo-francis-hc,False,False
"Chan, Kenneth C.L.",1987,barrister/chan-kenneth-cl,False,False
"Chung, Bernard",1987,barrister/chung-bernard,False,False
"Sakhrani, Ashok",1987,barrister/sakhrani-ashok,False,False
"Woon, Freddy Jee-Quan",1987,barrister/woon-freddy-jee-quan,False,False
"Wong, Stewart K.M., S.C.",1987,barrister/wong-stewart-km-sc,True,2011
"Yuen, Rimsky K.K., S.C.",1987,barrister/yuen-rimsky-kk-sc,True,2003
"Cheung, Jeremy Man-Fai",1987,barrister/cheung-jeremy-man-fai,False,False
"Wong, Yan-Lung, S.C.",1987,barrister/wong-yan-lung-sc,True,2002
"McCoy, Gerard, S.C.",1987,barrister/mccoy-gerard-sc,True,1997
"Mitchell, Neil S.",1988,barrister/mitchell-neil-s,False,False
"Chow, Monica (Ms)",1988,barrister/chow-monica-ms,False,False
"Wong, Charles T.C.",1988,barrister/wong-charles-tc,False,False
"Lee, Robert S.K., S.C.",1988,barrister/lee-robert-sk-sc,True,2008
"Draycott, Charlotte E., S.C. (Ms)",1988,barrister/draycott-charlotte-e-sc-ms,True,2008
"Fung, Carol Sheung-Kit (Ms)",1988,barrister/fung-carol-sheung-kit-ms,False,False
"Acton-Bond, Jonathan Edward",1988,barrister/acton-bond-jonathan-edward,False,False
"Miu, Nelson L.",1988,barrister/miu-nelson-l,False,False
"Ng, Margaret (Ms)",1988,barrister/ng-margaret-ms,False,False
"Mak, Andrew Y.S.",1988,barrister/mak-andrew-ys,False,False
"Pang, Robert Y.H., S.C.",1988,barrister/pang-robert-yh-sc,True,2012
"Lee, Christina W.W. (Ms)",1988,barrister/lee-christina-ww-ms,False,False
"Yuen, Anthony W.M.",1988,barrister/yuen-anthony-wm,False,False
"Lo, Henry H.Y.",1988,barrister/lo-henry-hy,False,False
"Yip, Liza S.H. (Ms)",1988,barrister/yip-liza-sh-ms,False,False
"Shum, Edward P.S.",1988,barrister/shum-edward-ps,False,False
"Shieh, Paul W.T., S.C.",1988,barrister/shieh-paul-wt-sc,True,2003
"Chow, Kenneth C.K.",1988,barrister/chow-kenneth-ck,False,False
"Wee, June (Ms)",1988,barrister/wee-june-ms,False,False
"Ma, David W.K.",1988,barrister/ma-david-wk,False,False
"Pilbrow, David G., S.C.",1989,barrister/pilbrow-david-g-sc,True,2005
"Jat, Sew Tong, S.C.",1989,barrister/jat-sew-tong-sc,True,2002
"Chau, Hing-Pang",1989,barrister/chau-hing-pang,False,False
"Houghton, Anthony K., S.C.",1989,barrister/houghton-anthony-k-sc,True,2008
"Lam, Simon K.C.",1989,barrister/lam-simon-kc,False,False
"So, Alan",1989,barrister/so-alan,False,False
"Fung, Louis Karon",1989,barrister/fung-louis-karon,False,False
"Fu, Chong-Sang",1989,barrister/fu-chong-sang,False,False
"Chang, Geoffrey P.",1989,barrister/chang-geoffrey-p,False,False
"Liang, Cecilia (Ms)",1989,barrister/liang-cecilia-ms,False,False
"Lin, Kenny C.P.",1989,barrister/lin-kenny-cp,False,False
"Cruden, Liza Jane (Ms)",1989,barrister/cruden-liza-jane-ms,False,False
"Chan, Samuel K.Y.",1989,barrister/chan-samuel-ky,False,False
"Wong, Kam Hing Fanny (Ms)",1989,barrister/wong-kam-hing-fanny-ms,False,False
"Bullett, Andrew",1989,barrister/bullett-andrew,False,False
"Wong, Meyrick W.K.",1989,barrister/wong-meyrick-wk,False,False
"Yeung, Ming-Tai",1989,barrister/yeung-ming-tai,False,False
"McGowan, James H.M.",1989,barrister/mcgowan-james-hm,False,False
"Liu, Michael K.W.",1989,barrister/liu-michael-kw,False,False
"Ma, Anita (Ms)",1989,barrister/ma-anita-ms,False,False
"Haynes, John C.",1989,barrister/haynes-john-c,False,False
"Yip, Anita H.K., S.C. (Ms)",1989,barrister/yip-anita-hk-sc-ms,True,2014
"Tsui, Raymond Shiu-Wah",1990,barrister/tsui-raymond-shiu-wah,False,False
"Yu, Selwyn, S.C.",1990,barrister/yu-selwyn-sc,True,2010
"Yeung, Yeuk-Chuen",1990,barrister/yeung-yeuk-chuen,False,False
"Liu, Yuen-ming",1990,barrister/liu-yuen-ming,False,False
"Sham, Walker",1990,barrister/sham-walker,False,False
"Litton, John",1990,barrister/litton-john,False,False
"Oderberg, Keith J.",1990,barrister/oderberg-keith-j,False,False
"Cheung, Kam K.L.",1990,barrister/cheung-kam-kl,False,False
"Ng, Alan M.S.",1990,barrister/ng-alan-ms,False,False
"Chow, Edward Lap-San",1990,barrister/chow-edward-lap-san,False,False
"Leong, Susanna K.Y. (Ms)",1990,barrister/leong-susanna-ky-ms,False,False
"Rattigan, Mairéad M. (Ms)",1990,barrister/rattigan-mairéad-m-ms,False,False
"Hon, Kevin",1990,barrister/hon-kevin,False,False
"Lam, Allen M.Y.",1990,barrister/lam-allen-my,False,False
"Marash, Daniel Y., S.C.",1990,barrister/marash-daniel-y-sc,True,1998
"Choi, Danny K.H.",1990,barrister/choi-danny-kh,False,False
"See, Sabrina (Ms)",1990,barrister/see-sabrina-ms,False,False
"Coleman, Russell A., S.C.",1991,barrister/coleman-russell-sc,True,2006
"Chan, Kenny W.K.",1991,barrister/chan-kenny-wk,False,False
"Fitzpatrick, David",1991,barrister/fitzpatrick-david,False,False
"Lam, Osmond",1991,barrister/lam-osmond,False,False
"Leung, Chun-Keung",1991,barrister/leung-chun-keung,False,False
"McNamara, John Patrick",1991,barrister/mcnamara-john-patrick,False,False
"Chan, Charles",1991,barrister/chan-charles,False,False
"Chan, Maurice Joseph",1991,barrister/chan-maurice-joseph,False,False
"Chung, Eric Y.M.",1991,barrister/chung-eric-ym-0,False,False
"Shipp, Colin Andrew",1991,barrister/shipp-colin-andrew,False,False
"Kwong, Ki Tack",1991,barrister/kwong-ki-tack,False,False
"Ng, Alex C.W.",1991,barrister/ng-alex-cw,False,False
"Yip, Francis Kim-Ming",1991,barrister/yip-francis-kim-ming,False,False
"Liang, Alfred W.",1991,barrister/liang-alfred-w,False,False
"Ma, Judy C.Y. (Ms)",1991,barrister/ma-judy-cy-ms,False,False
"Leung, Raymond Wai-Man, S.C.",1992,barrister/leung-raymond-wai-man-sc,True,2014
"Duncan, Peter N., S.C.",1992,barrister/duncan-peter-n-sc,True,2004
"Lam, Paul T.K., S.C.",1992,barrister/lam-paul-tk-sc,True,2013
"Sujanani, Bina Dayaram (Ms)",1992,barrister/sujanani-bina-dayaram-ms,False,False
"Hung, Samson K.M.",1992,barrister/hung-samson-km,False,False
"Lee, Paul T.T.",1992,barrister/lee-paul-tt,False,False
"Clough, Neal John",1992,barrister/clough-neal-john,False,False
"Lo, P.Y.",1992,barrister/lo-py,False,False
"Leung, Hing Fung",1992,barrister/leung-hing-fung,False,False
"Chan, Winnie W.M. (Ms)",1992,barrister/chan-winnie-wm-ms,False,False
"Luk, Victor Ying-Wah",1992,barrister/luk-victor-ying-wah,False,False
"Lo, Caesar Chi-Lam",1992,barrister/lo-caesar-chi-lam,False,False
"Lee, Rebecca M.K. (Ms)",1992,barrister/lee-rebecca-mk-ms,False,False
"Lam, Shun-Chiu",1992,barrister/lam-shun-chiu,False,False
"Kwan, Tong-Lee",1992,barrister/kwan-tong-lee,False,False
"Lam, Simon Heung-Wing",1992,barrister/lam-simon-heung-wing,False,False
"Wong, Symon Yu-Wing",1992,barrister/wong-symon-yu-wing,False,False
"Cheung, Diana H.C. (Ms)",1992,barrister/cheung-diana-hc-ms,False,False
"Lam, Joseph Siu-Wah",1992,barrister/lam-joseph-siu-wah,False,False
"Kwan, Steven M.W.",1992,barrister/kwan-steven-mw,False,False
"Wong, Stephen W.C.",1992,barrister/wong-stephen-wc,False,False
"Cheung, Earnest W.H.",1992,barrister/cheung-earnest-wh,False,False
"Cheng, James C.C.",1992,barrister/cheng-james-cc,False,False
"Ng, Ken K.M.",1992,barrister/ng-ken-km,False,False
"Chui, Steve",1992,barrister/chui-steve,False,False
"Hui, Sammy W.C.",1992,barrister/hui-sammy-wc,False,False
"Cheung, Anthony P.W.",1992,barrister/cheung-anthony-pw,False,False
"Luk, Albert W.H.",1992,barrister/luk-albert-wh,False,False
"Sit, Kwok Bun Peter",1992,barrister/sit-kwok-bun-peter,False,False
"Ma, Henry K.F.",1992,barrister/ma-henry-kf,False,False
"Ku, Susanna Pui-Fong (Ms)",1992,barrister/ku-susanna-pui-fong-ms,False,False
"Boey, Chung",1992,barrister/boey-chung,False,False
"Wong, Brian C.W.",1992,barrister/wong-brian-cw,False,False
"Tam, Carmel K.T.",1992,barrister/tam-carmel-kt,False,False
"Lee, James",1992,barrister/lee-james,False,False
"Harry, Timothy Hawkins",1992,barrister/harry-timothy-hawkins,False,False
"Lai, Ching Hung",1992,barrister/lai-ching-hung,False,False
"Thomson, James Smith",1992,barrister/thomson-james-smith,False,False
"Law, Lawrence T.H.",1992,barrister/law-lawrence-th,False,False
"Cheng, Flora Suk-Yee (Ms)",1992,barrister/cheng-flora-suk-yee-ms,False,False
"Delaney, A. Michael",1992,barrister/delaney-michael,False,False
"Chan, Frederick H.F.",1993,barrister/chan-frederick-hf,False,False
"Koo, Ernest Chak-Ming",1993,barrister/koo-ernest-chak-ming,False,False
"Wong, Peter Ting-Kwong",1993,barrister/wong-peter-ting-kwong,False,False
"Wang, Justin Kwok-Wah",1993,barrister/wang-justin-kwok-wah,False,False
"Grossman, Clive S., S.C.",1993,barrister/grossman-clive-s-sc,True,1993
"Chan, Chung",1993,barrister/chan-chung,False,False
"Yip, Timmy Chi-Hong",1993,barrister/yip-timmy-chi-hong,False,False
"Chong, Tin-Chun",1993,barrister/chong-tin-chun,False,False
"Lam, Nelson H.W.",1993,barrister/lam-nelson-hw,False,False
"Ng, Simon K.C.",1993,barrister/ng-simon-kc,False,False
"Tsui, Raymond Wai-Nam",1993,barrister/tsui-raymond-wai-nam,False,False
"Lau, Raymond Wai-Man",1993,barrister/lau-raymond-wai-man,False,False
"Chan, Charles K.C.",1993,barrister/chan-charles-kc,False,False
"Shaw, Gibson",1993,barrister/shaw-gibson,False,False
"Wong, Christopher T.M.",1993,barrister/wong-christopher-tm,False,False
"Ng, Lawrence K.F.",1993,barrister/ng-lawrence-kf,False,False
"Mak, Bernard",1993,barrister/mak-bernard,False,False
"Cheung, Michael K.B.",1993,barrister/cheung-michael-kb,False,False
"Yeung, Dominic K.",1993,barrister/yeung-dominic-k,False,False
"Kelly, Shaun P.",1993,barrister/kelly-shaun-p,False,False
"Lai, Annie (Ms)",1993,barrister/lai-annie-ms,False,False
"Mak, Chi Biu",1993,barrister/mak-chi-biu,False,False
"Yip, Simon S.M.",1993,barrister/yip-simon-sm,False,False
"Tracy, Maurice Peter",1993,barrister/tracy-maurice-peter,False,False
"Yeung, Shak-Nung",1993,barrister/yeung-shak-nung,False,False
"Wong, Kevin C.W.",1993,barrister/wong-kevin-cw,False,False
"Lee, Cindy Shin-Man (Ms)",1993,barrister/lee-cindy-shin-man-ms,False,False
"Harris, Paul, S.C.",1993,barrister/harris-paul-sc,True,2006
"Fung, Flavia (Ms)",1993,barrister/fung-flavia-ms,False,False
"Chiu, Charles P.T.",1993,barrister/chiu-charles-pt,False,False
"Khaw, Richard, S.C.",1993,barrister/khaw-richard-sc,True,2016
"Surman, Giles",1993,barrister/surman-giles,False,False
"Kung, Athena C.Y. (Ms)",1993,barrister/kung-athena-cy-ms,False,False
"Cheung, Yiu-Leung",1993,barrister/cheung-yiu-leung,False,False
"Chan, Cannise M.Y. (Ms)",1993,barrister/chan-cannise-my-ms,False,False
"Li, Dickson Shu-Pui",1993,barrister/li-dickson-shu-pui,False,False
"Yip, King Sum",1994,barrister/yip-king-sum,False,False
"Chan, Pik Loong (also known as Chan Pat Lun)",1994,barrister/chan-pik-loong-also-known-chan-pat-lun,False,False
"Chan, Pak Kong",1994,barrister/chan-pak-kong,False,False
"Kong, Sau Fung, Hatten",1994,barrister/kong-sau-fung-hatten,False,False
"Chan, Yiu Kwok Armond",1994,barrister/chan-yiu-kwok-armond,False,False
"Chan, Daniel W.S.",1994,barrister/chan-daniel-ws,False,False
"Ng, Tony T.F.",1994,barrister/ng-tony-tf,False,False
"Wong, Patricia C.M. (Ms)",1994,barrister/wong-patricia-cm-ms,False,False
"Wong, Barbara (Ms)",1994,barrister/wong-barbara-ms,False,False
"Wong, Peter K.C.",1994,barrister/wong-peter-kc,False,False
"Lo, Raymond W.K.",1994,barrister/lo-raymond-wk,False,False
"Leung, Richard W.K.",1994,barrister/leung-richard-wk,False,False
"Ching, Wan Fung",1994,barrister/ching-wan-fung,False,False
"Ross, Phillip",1994,barrister/ross-phillip,False,False
"Chong, Matthew C.S.",1994,barrister/chong-matthew-cs,False,False
"Fung, Keith C.W.",1994,barrister/fung-keith-cw,False,False
"Cheung, Adonis K.W.",1994,barrister/cheung-adonis-kw,False,False
"Tsui, Jennifer K.W. (Ms)",1994,barrister/tsui-jennifer-kw-ms,False,False
"Fong, Candy E-Fong (Ms)",1994,barrister/fong-candy-e-fong-ms,False,False
"Tsang, Jennifer C.C. (Ms)",1994,barrister/tsang-jennifer-cc-ms,False,False
"Lee, Tung Ming",1994,barrister/lee-tung-ming,False,False
"Gidwani, Victor Tulsi",1994,barrister/gidwani-victor-tulsi,False,False
"Chu, George",1994,barrister/chu-george,False,False
"Wong, Kai Tat",1994,barrister/wong-kai-tat,False,False
"Cheung, Emily S.K. (Ms)",1994,barrister/cheung-emily-sk-ms,False,False
"Hui, Kam Wor Thomas",1994,barrister/hui-kam-wor-thomas,False,False
"Sher, Hon Piu",1994,barrister/sher-hon-piu,False,False
"Yeung, Hok Yin Jackson",1994,barrister/yeung-hok-yin-jackson,False,False
"Tsang, David K.K.",1994,barrister/tsang-david-kk,False,False
"Ho, Anna Y.H. (Ms)",1994,barrister/ho-anna-yh-ms,False,False
"Vaughan, Joseph Christopher",1994,barrister/vaughan-joseph-christopher,False,False
"Donald, Richard D.",1994,barrister/donald-richard-d,False,False
"Lee, Kenneth K.H.",1994,barrister/lee-kenneth-kh,False,False
"Leung, Michael H.K.",1994,barrister/leung-michael-hk,False,False
"Ho, Jeff C.L.",1994,barrister/ho-jeff-cl,False,False
"Lau, Julia P.G. (Ms)",1995,barrister/lau-julia-pg-ms,False,False
"Soo, Gary K.L.",1995,barrister/soo-gary-kl,False,False
"Lim, Malcolm K.L.",1995,barrister/lim-malcolm-kl,False,False
"Cheung, Kam Chuen",1995,barrister/cheung-kam-chuen,False,False
"Chan, Simon B.C.",1995,barrister/chan-simon-bc,False,False
"Tong, Judy K.Y. (Ms)",1995,barrister/tong-judy-ky-ms,False,False
"Yiu, Eliza K.S. (Ms)",1995,barrister/yiu-eliza-ks-ms,False,False
"Cheng, Francis M.B.",1995,barrister/cheng-francis-mb,False,False
"Fong, Stephen H.K.",1995,barrister/fong-stephen-hk,False,False
"Lau, Lawrence W.C.",1995,barrister/lau-lawrence-wc,False,False
"Lau, Ivy Y.Y. (Ms)",1995,barrister/lau-ivy-yy-ms,False,False
"Cheung, Karen W.N. (Ms)",1995,barrister/cheung-karen-wn-ms,False,False
"Kwan, Jasper H.F.",1995,barrister/kwan-jasper-hf,False,False
"Ng, Maurice K.F.",1995,barrister/ng-maurice-kf,False,False
"Szeto, Patrick P.",1995,barrister/szeto-patrick-p,False,False
"Thomson, Neil Clarke",1995,barrister/thomson-neil-clarke,False,False
"Kwong, Kin Ning",1995,barrister/kwong-kin-ning,False,False
"Tsui, Peter K.W.",1995,barrister/tsui-peter-kw,False,False
"Yue, Jonathan T.K.",1995,barrister/yue-jonathan-tk,False,False
"Ng, Godwin K.Y.",1995,barrister/ng-godwin-ky,False,False
"Pun, Hectar H., S.C.",1995,barrister/pun-hectar-h-sc,True,2015
"Williamson, Romi W.M. (Ms)",1995,barrister/williamson-romi-wm-ms,False,False
"Chau, Phil",1995,barrister/chau-phil,False,False
"Chung, Hylas Y.F.",1995,barrister/chung-hylas-yf,False,False
"Sakhrani, Sanjay A.",1995,barrister/sakhrani-sanjay,False,False
"Tse, Hayson K.S.",1995,barrister/tse-hayson-ks,False,False
"Sadhwani, Kamlesh Arjan",1995,barrister/sadhwani-kamlesh-arjan,False,False
"Tse, Roy K.W.",1995,barrister/tse-roy-kw,False,False
"Nasir, Firoz",1995,barrister/nasir-firoz,False,False
"Chan, Linda, S.C. (Ms)",1996,barrister/chan-linda-sc-ms,True,2011
"Bruce, Andrew, S.C.",1996,barrister/bruce-andrew-sc,True,1996
"Cheng, Yvonne W.S., S.C. (Ms)",1996,barrister/cheng-yvonne-ws-sc-ms,True,2013
"Burns, S. Ashley, S.C.",1996,barrister/burns-s-ashley-sc,True,2007
"Chan, Ifan (Ms)",1996,barrister/chan-ifan-ms,False,False
"Hui, Chun-Sing",1996,barrister/hui-chun-sing,False,False
"Cheung, Wallace H.S.",1996,barrister/cheung-wallace-hs,False,False
"Ho, Tommy K.K.",1996,barrister/ho-tommy-kk,False,False
"Lan, Gekko S.Y. (Ms)",1996,barrister/lan-gekko-sy-ms,False,False
"Hui, Norman",1996,barrister/hui-norman,False,False
"Tang, Stephen L.W.",1996,barrister/tang-stephen-lw,False,False
"Tsoi, Shun Cheong",1996,barrister/tsoi-shun-cheong,False,False
"Wu, Chi-Sing",1996,barrister/wu-chi-sing,False,False
"Ho, Victor",1996,barrister/ho-victor,False,False
"Lau, Wilson W.S.",1996,barrister/lau-wilson-ws,False,False
"Khosa, David A.S.",1996,barrister/khosa-david,False,False
"Shum, Kenneth K.H.",1996,barrister/shum-kenneth-kh,False,False
"Tse, Peter K.C.",1996,barrister/tse-peter-kc,False,False
"Bok, Tin-Yuen",1996,barrister/bok-tin-yuen,False,False
"Fung, Gary T.K.",1996,barrister/fung-gary-tk,False,False
"Cheung, Kam-Chuen",1996,barrister/cheung-kam-chuen-0,False,False
"Chan, Brian Fu-kit",1996,barrister/chan-brian-fu-kit,False,False
"Ling, Chun Wai",1996,barrister/ling-chun-wai,False,False
"Siu, Stanley C.K.",1996,barrister/siu-stanley-ck,False,False
"Choy, Nelson C.Y.",1996,barrister/choy-nelson-cy,False,False
"Rajwani, Vandana (Ms)",1996,barrister/rajwani-vandana-ms,False,False
"Wong, Gordon Y.W.",1996,barrister/wong-gordon-yw,False,False
"Li, Kwok Wai",1996,barrister/li-kwok-wai,False,False
"Khattak, S.K. (Kelly Lam)",1996,barrister/khattak-sk-kelly-lam,False,False
"Zimmern, Richard",1996,barrister/zimmern-richard,False,False
"Chan, Wa Shing",1996,barrister/chan-wa-shing,False,False
"Ho, Shi King Albert",1996,barrister/ho-shi-king-albert,False,False
"Lau, Yat Hung",1996,barrister/lau-yat-hung,False,False
"Wong, Winnie H.Y. (Ms)",1996,barrister/wong-winnie-hy-ms,False,False
"Tsui, Wilfred C.K.",1997,barrister/tsui-wilfred-ck,False,False
"Ng, Jennifer (Ms)",1997,barrister/ng-jennifer-ms,False,False
"Law, Man Chung",1997,barrister/law-man-chung,False,False
"Wong, Kenneth Y.F.",1997,barrister/wong-kenneth-yf,False,False
"Fan, Edward S.Y.",1997,barrister/fan-edward-sy,False,False
"Pannu, Peter",1997,barrister/pannu-peter,False,False
"Tam, Bonny H.W. (Ms)",1997,barrister/tam-bonny-hw-ms,False,False
"Boyton, David Rex",1997,barrister/boyton-david-rex,False,False
"Chung, Gary Ka Hong",1997,barrister/chung-gary-ka-hong,False,False
"Wong, Roger W.I.",1997,barrister/wong-roger-wi,False,False
"Chong, Patrick K.C.",1997,barrister/chong-patrick-kc,False,False
"Langley, Caroline (Ms)",1997,barrister/langley-caroline-ms-0,False,False
"Lam, William H.M.",1997,barrister/lam-william-hm,False,False
"Tze, James Y.K.",1997,barrister/tze-james-yk,False,False
"Lau, Lorinda C.W. (Ms)",1997,barrister/lau-lorinda-cw-ms,False,False
"Tse, Bruce C.H.",1997,barrister/tse-bruce-ch,False,False
"Yeung, Clemence Y.M.",1997,barrister/yeung-clemence-ym,False,False
"Leung, Priscilla M.F. (Ms)",1997,barrister/leung-priscilla-mf-ms,False,False
"Luk, King Wang",1997,barrister/luk-king-wang,False,False
"Lau, Sai Luk",1997,barrister/lau-sai-luk,False,False
"Pierce, Raymond J.J.",1997,barrister/pierce-raymond-jj,False,False
"Carolan, Paul J.",1997,barrister/carolan-paul-j,False,False
"Yin, Michael",1997,barrister/yin-michael,False,False
"Wong, King",1997,barrister/wong-king,False,False
"Wu, Chun Shing",1997,barrister/wu-chun-shing,False,False
"Chiu, Kai Ting Michael",1997,barrister/chiu-kai-ting-michael,False,False
"Choi, Choice Sze Man (Ms)",1997,barrister/choi-choice-sze-man-ms,False,False
"Beel, Trevor",1997,barrister/beel-trevor,False,False
"Lau, Roland",1997,barrister/lau-roland,False,False
"Jim, Jacky Chun Ki",1997,barrister/jim-jacky-chun-ki,False,False
"Hui, Gloriane Y.Y. (Ms)",1997,barrister/hui-gloriane-yy-ms,False,False
"Wong, William M.F., S.C.",1997,barrister/wong-william-mf-sc,True,2013
"Fung, Eugene T.S., S.C.",1997,barrister/fung-eugene-ts-sc,True,2012
"Irving, Frances M. (Ms)",1997,barrister/irving-frances-m-ms,False,False
"Chau, Raymond K.L.",1997,barrister/chau-raymond-kl,False,False
"McLeish, Robin",1997,barrister/mcleish-robin,False,False
"Chan, Dora K.H. (Mrs)",1997,barrister/chan-dora-kh-mrs,False,False
"Lee, Pak Chau",1997,barrister/lee-pak-chau,False,False
"Wong, Jason L.H.",1998,barrister/wong-jason-lh,False,False
"Leung, Paul H.M.",1998,barrister/leung-paul-hm,False,False
"Tsang, Kitty K.L. (Ms)",1998,barrister/tsang-kitty-kl-ms,False,False
"Chow, Anthony W.L.",1998,barrister/chow-anthony-wl,False,False
"Leung, Chi Wai",1998,barrister/leung-chi-wai,False,False
"Chan, Daniel K.K.",1998,barrister/chan-daniel-kk,False,False
"Tong, Ming W.M.",1998,barrister/tong-ming-wm-0,False,False
"Richmond, Martyn",1998,barrister/richmond-martyn,False,False
"Po, Wing Kay (Ms)",1998,barrister/po-wing-kay-ms,False,False
"Wong, Jonathan",1998,barrister/wong-jonathan,False,False
"Cheung, Ivan T.Y.",1998,barrister/cheung-ivan-ty,False,False
"Kwok, Douglas King Hin",1998,barrister/kwok-douglas-king-hin,False,False
"Wei, Mark H.T.",1998,barrister/wei-mark-ht,False,False
"Yeung, Vivian M.F. (Ms)",1998,barrister/yeung-vivian-mf-ms,False,False
"Chan, Charles J.",1998,barrister/chan-charles-j,False,False
"Wong, Terry Shun Yin",1998,barrister/wong-terry-shun-yin,False,False
"Loh, Phillis L.P. (Ms)",1998,barrister/loh-phillis-lp-ms,False,False
"Lee, Yee Hung",1998,barrister/lee-yee-hung,False,False
"Wai, Jessie M.K. (Ms)",1998,barrister/wai-jessie-mk-ms,False,False
"Wong, Catherine K.K. (Ms)",1998,barrister/wong-catherine-kk-ms,False,False
"Cheung, Janine Y.Y. (Ms)",1998,barrister/cheung-janine-yy-ms,False,False
"Chan, Kai Ho",1998,barrister/chan-kai-ho,False,False
"Lam, George T.W.",1998,barrister/lam-george-tw,False,False
"Beresford, Roger G.",1999,barrister/beresford-roger-g,False,False
"Fu, Wai Ling (Ms)",1999,barrister/fu-wai-ling-ms,False,False
"Jones, R. Douglas",1999,barrister/jones-r-douglas,False,False
"Low, Theresa (Ms)",1999,barrister/low-theresa-ms,False,False
"Chan, Sheena M.Y. (Ms)",1999,barrister/chan-sheena-my-ms,False,False
"Lok, Alex",1999,barrister/lok-alex,False,False
"Lam, Yanky S.Y. (Ms)",1999,barrister/lam-yanky-sy-ms,False,False
"Ma, Johnny K.C.",1999,barrister/ma-johnny-kc,False,False
"Kan, Terry Wing Fai",1999,barrister/kan-terry-wing-fai,False,False
"Lee, Thomas W.M.",1999,barrister/lee-thomas-wm,False,False
"Dawes, Victor, S.C.",1999,barrister/dawes-victor-sc,True,2015
"Lam, Douglas, S.C.",1999,barrister/lam-douglas-sc,True,2015
"Bartlett, Jeremy J., S.C.",1999,barrister/bartlett-jeremy-j-sc,True,2015
"Lo, Anthony P.W.",1999,barrister/lo-anthony-pw,False,False
"Lam, Catrina D.W. (Ms)",1999,barrister/lam-catrina-dw-ms,False,False
"Li, Linda (Ms)",1999,barrister/li-linda-ms,False,False
"Ng, Queenie W.S. (Ms)",1999,barrister/ng-queenie-ws-ms,False,False
"Lai, Alex Sze Wai",1999,barrister/lai-alex-sze-wai,False,False
"Chow, Hung Fat",1999,barrister/chow-hung-fat,False,False
"Lee, Victor K.C.",1999,barrister/lee-victor-kc,False,False
"Cheng, Barbara W.Y. (Ms)",1999,barrister/cheng-barbara-wy-ms,False,False
"Sin, Antony M.H.",1999,barrister/sin-antony-mh,False,False
"Lee, Chong Ting",1999,barrister/lee-chong-ting,False,False
"Lo, Tommy K.F.",1999,barrister/lo-tommy-kf,False,False
"Barrett, Paul N.",1999,barrister/barrett-paul-n,False,False
"Hui, Shuk Yee Cherry (Ms)",1999,barrister/hui-shuk-yee-cherry-ms,False,False
"Shah, Mohammed Jawadullah",1999,barrister/shah-mohammed-jawadullah,False,False
"Stephenson, Paul",1999,barrister/stephenson-paul,False,False
"Wong, Anson M.K., S.C.",1999,barrister/wong-anson-mk-sc,True,2014
"Wright, Colin J.",1999,barrister/wright-colin-j,False,False
"Fung, Chi Keung Derek",1999,barrister/fung-chi-keung-derek,False,False
"Chung, Domminick",1999,barrister/chung-domminick,False,False
"Sit, Dennis Wing Kwun",1999,barrister/sit-dennis-wing-kwun,False,False
"Tai, Kennis C.K. (Ms)",1999,barrister/tai-kennis-ck-ms,False,False
"Tang, Leon",1999,barrister/tang-leon,False,False
"Hui, Catherine S.L. (Ms)",1999,barrister/hui-catherine-sl-ms,False,False
"Choy, Edwin W.B., S.C.",2000,barrister/choy-edwin-wb-sc,True,2018
"Wong, Maggie P.K., S.C. (Ms)",2000,barrister/wong-maggie-pk-sc-ms,True,2018
"Chan, Abraham, S.C.",2000,barrister/chan-abraham-sc,True,2017
"Maurellet, José Antonio, S.C.",2000,barrister/maurellet-josé-antonio-sc,True,2016
"Man, Bernard, S.C.",2000,barrister/man-bernard-sc,True,2015
"Cooney, Nicholas James, S.C.",2000,barrister/cooney-nicholas-james-sc,True,2009
"Manzoni, Charles, S.C.",2000,barrister/manzoni-charles-sc,True,2012
"Wong, Becky B.Y. (Ms)",2000,barrister/wong-becky-ms,False,False
"Lin, Feng",2000,barrister/lin-feng,False,False
"Tam, Patrick K.Y.",2000,barrister/tam-patrick-ky,False,False
"Yuen, Carl",2000,barrister/yuen-carl,False,False
"Yip, Arthur C.H.",2000,barrister/yip-arthur-ch,False,False
"Hotten, Keith",2000,barrister/hotten-keith,False,False
"Ma, Stanley Kilian H.F.",2000,barrister/ma-stanley-kilian-hf,False,False
"Lee, Yiu Chung",2000,barrister/lee-yiu-chung,False,False
"Ho, Vivian W.W. (Ms)",2000,barrister/ho-vivian-ww-ms,False,False
"Lo, Jane Curzon (Ms)",2000,barrister/lo-jane-curzon-ms,False,False
"Chung, Jerry Ming Shing",2000,barrister/chung-jerry-ming-shing,False,False
"Ip, Chyvette (Ms)",2000,barrister/ip-chyvette-ms,False,False
"Davies, Oliver Howell",2000,barrister/davies-oliver-howell,False,False
"Fung, Joes Bo Yee (Ms)",2000,barrister/fung-joes-bo-yee-ms,False,False
"Wu, Teresa Pui Ching (Ms)",2000,barrister/wu-teresa-pui-ching-ms,False,False
"Ki, Helen (Mrs)",2000,barrister/ki-helen-mrs,False,False
"Tam, Chi Ming",2000,barrister/tam-chi-ming,False,False
"Ng, Harold",2000,barrister/ng-harold,False,False
"Fong, Raymond W.K.",2000,barrister/fong-raymond-wk,False,False
"Lam, Priscilia T.Y. (Ms)",2000,barrister/lam-priscilia-ty-ms,False,False
"Ho, Simon",2000,barrister/ho-simon,False,False
"Chan, William C.W.",2000,barrister/chan-william-cw,False,False
"Cheung, Victor Chi Fai",2000,barrister/cheung-victor-chi-fai,False,False
"Lau, Steven C.L.",2000,barrister/lau-steven-cl,False,False
"Chow, Grace C.M. (Ms)",2000,barrister/chow-grace-cm-ms,False,False
"Lau, Nicholas Yiu Kan",2000,barrister/lau-nicholas-yiu-kan,False,False
"Leung, Pauline Po Lam (Ms)",2000,barrister/leung-pauline-po-lam-ms,False,False
"Ng, Memi M. W. (Ms)",2000,barrister/ng-memi-m-w-ms,False,False
"Poon, Debora S.Y. (Ms)",2000,barrister/poon-debora-sy-ms,False,False
"Arthur, Michael John Bruce",2000,barrister/arthur-michael-john-bruce,False,False
"Chan, Jeremy S.K.",2000,barrister/chan-jeremy-sk,False,False
"Liu, Elaine (Ms)",2001,barrister/liu-elaine-ms,False,False
"Leung, Michael L.Y.",2001,barrister/leung-michael-ly,False,False
"Chang, Jonathan T.Y.",2001,barrister/chang-jonathan-ty,False,False
"Ma, Jay Suk Lin (Ms)",2001,barrister/ma-jay-suk-lin-ms,False,False
"Wong, Paul C.Y.",2001,barrister/wong-paul-cy,False,False
"Leung, Kelvin Y.C.",2001,barrister/leung-kelvin-yc,False,False
"Chu, David P.T.",2001,barrister/chu-david-pt,False,False
"Sin, Sarah Kam Seung (Ms)",2001,barrister/sin-sarah-kam-seung-ms,False,False
"Kwok, Kam K.",2001,barrister/kwok-kam-k,False,False
"Chung, Peter K.T.",2001,barrister/chung-peter-kt,False,False
"Hui, Lawrence Cheuk Lun",2001,barrister/hui-lawrence-cheuk-lun,False,False
"Wong, Kevin K.W.",2001,barrister/wong-kevin-kw,False,False
"Koo, Yeuk Lan (Ms)",2001,barrister/koo-yeuk-lan-ms,False,False
"Ng, Alan H.L.",2001,barrister/ng-alan-hl,False,False
"Niehorster, James",2001,barrister/niehorster-james,False,False
"Chan, Josiah C.M.",2001,barrister/chan-josiah-cm,False,False
"Li, Amanda W.M. (Ms)",2001,barrister/li-amanda-wm-ms,False,False
"Yim, Eugene W.T.",2001,barrister/yim-eugene-wt,False,False
"Hau, Kenneth C.M.",2001,barrister/hau-kenneth-cm,False,False
"Daryanani, Naresh L.",2001,barrister/daryanani-naresh-l,False,False
"Lee, Eling P.L. (Ms)",2001,barrister/lee-eling-pl-ms,False,False
"Wu, Bernard",2001,barrister/wu-bernard,False,False
"Ng, Danny Pak Kin",2001,barrister/ng-danny-pak-kin,False,False
"Tang, Warren Louis",2001,barrister/tang-warren-louis,False,False
"Stock, Alexander, S.C.",2001,barrister/stock-alexander-sc,True,2016
"Ismail, Roxanne, S.C. (Ms)",2001,barrister/ismail-roxanne-sc-ms,True,2013
"Wong, Philips Bun Fai",2001,barrister/wong-philips-bun-fai,False,False
"Blanchflower, Michael C., S.C.",2002,barrister/blanchflower-michael-c-sc,True,2001
"Reading, John Richard, S.C.",2002,barrister/reading-john-richard-sc,True,1999
"Wong, Samuel C.C.",2002,barrister/wong-samuel-cc,False,False
"Liu, Chin Yu",2002,barrister/liu-chin-yu,False,False
"Chu, Ming Tung",2002,barrister/chu-ming-tung,False,False
"Chhoa, Mong Lim Mona (Ms)",2002,barrister/chhoa-mong-lim-mona-ms-0,False,False
"Lam, Vincent C.W.",2002,barrister/lam-vincent-cw,False,False
"Leung, Amendy Y.S. (Ms)",2002,barrister/leung-amendy-ys-ms,False,False
"Gwilt, Angela Davina (Ms)",2002,barrister/gwilt-angela-davina-ms,False,False
"So, Kai Cheung",2002,barrister/so-kai-cheung,False,False
"Lo, Money (Ms)",2002,barrister/lo-money-ms,False,False
"Ngai, Yuet-ping (Ms)",2002,barrister/ngai-yuet-ping-ms,False,False
"Sit, Eva Y.W. (Ms)",2002,barrister/sit-eva-yw-ms,False,False
"Wong, Jon K.H.",2002,barrister/wong-jon-kh,False,False
"Li, James K.W.",2002,barrister/li-james-kw,False,False
"Wong, Damian",2002,barrister/wong-damian,False,False
"Brewer, John Robert",2002,barrister/brewer-john-robert,False,False
"Tsang, Manyi (Ms)",2002,barrister/tsang-manyi-ms,False,False
"Wong, Linda S.H. (Ms)",2002,barrister/wong-linda-sh-ms,False,False
"Parry, Leslie James",2002,barrister/parry-leslie-james,False,False
"Wong, Emma S.F. (Ms)",2002,barrister/wong-emma-sf-ms,False,False
"Yung, William Y.W.",2002,barrister/yung-william-yw,False,False
"Leung, Ivy Y.S. (Ms)",2002,barrister/leung-ivy-ys-ms,False,False
"Wou, Jean-Paul",2002,barrister/wou-jean-paul,False,False
"Wong, Tim",2002,barrister/wong-tim,False,False
"Pao, Jin, S.C.",2002,barrister/pao-jin-sc,True,2018
"Chai, Michael C.",2002,barrister/chai-michael-c,False,False
"Au, Helen H.L. (Ms)",2002,barrister/au-helen-hl-ms,False,False
"Leung, Herbert Y.F.",2002,barrister/leung-herbert-yf,False,False
"Leung, Joyce H.S. (Ms)",2002,barrister/leung-joyce-hs-ms,False,False
"Tsang, Fat Kuen",2002,barrister/tsang-fat-kuen,False,False
"Chung, Kenneth K.H.",2002,barrister/chung-kenneth-kh,False,False
"Li Sin, Jenny L.W. (Ms)",2002,barrister/li-sin-jenny-lw-ms,False,False
"Ng, Edward U.O.",2002,barrister/ng-edward-uo,False,False
"Leung, Andrew Christopher H.Y.",2002,barrister/leung-andrew-christopher-hy,False,False
"Strachan, Douglas Mark Arthur, S.C.",2002,barrister/strachan-douglas-mark-arthur-sc,True,2013
"Lin, Esther S.Y. (Ms)",2003,barrister/lin-esther-sy-ms,False,False
"Ryan, Bernard Michael",2003,barrister/ryan-bernard-michael,False,False
"Chan, Wai Ming",2003,barrister/chan-wai-ming,False,False
"Chan, Tanya (Ms)",2003,barrister/chan-tanya-ms,False,False
"Tong, Sara (Ms)",2003,barrister/tong-sara-ms,False,False
"Sujanani, Sajan G.",2003,barrister/sujanani-sajan-g,False,False
"Lee, Shu Wun",2003,barrister/lee-shu-wun,False,False
"Ling, Vickie W.K. (Ms)",2003,barrister/ling-vickie-wk-ms,False,False
"Kwan, Jonathan",2003,barrister/kwan-jonathan,False,False
"Tung, Sylvia S.Y. (Ms)",2003,barrister/tung-sylvia-sy-ms,False,False
"Ah-Weng, Jonathan Winston",2003,barrister/ah-weng-jonathan-winston,False,False
"Law, Richard T.C.",2003,barrister/law-richard-tc,False,False
"Wong, Yiu Man",2003,barrister/wong-yiu-man,False,False
"Chan, Derek C.L., S.C.",2004,barrister/chan-derek-cl-sc,True,2018
"Chan, Robert Gregory",2004,barrister/chan-robert-gregory,False,False
"Wu, Anthony",2004,barrister/wu-anthony,False,False
"Lam, Rachel Y.K. (Ms)",2004,barrister/lam-rachel-yk-ms,False,False
"Lau, Kirsteen James (Ms)",2004,barrister/lau-kirsteen-james-ms,False,False
"Wong, Arthur C.Y.",2004,barrister/wong-arthur-cy,False,False
"Lee, Amanda W.Y. (Ms)",2004,barrister/lee-amanda-wy-ms,False,False
"Egerton, Robin Nelson",2004,barrister/egerton-robin-nelson,False,False
"Nealon, Hannah (Ms)",2004,barrister/nealon-hannah-ms,False,False
"Tang, Hughes H.S.",2004,barrister/tang-hughes-hs,False,False
"Chiu, Yvonne Y.H. (Ms)",2004,barrister/chiu-yvonne-yh-ms,False,False
"Ngai, Lawrence Lung Kit",2004,barrister/ngai-lawrence-lung-kit,False,False
"Chin, Ben P.W.",2004,barrister/chin-ben-pw,False,False
"Keung, Karl",2004,barrister/keung-karl,False,False
"Shum, Cecilia H.S. (Ms)",2004,barrister/shum-cecilia-hs-ms,False,False
"Man, Phoebe (Ms)",2004,barrister/man-phoebe-ms,False,False
"Ng, Henry Y.H.",2004,barrister/ng-henry-yh,False,False
"Yao, Eric K.S.",2004,barrister/yao-eric-ks,False,False
"Cheung, Lawrence L.K.",2004,barrister/cheung-lawrence-lk,False,False
"Mohamed, Nisha (Ms)",2004,barrister/mohamed-nisha-ms,False,False
"Lam, Kenneth K.Y.",2004,barrister/lam-kenneth-ky,False,False
"Chung, la Fontaine L.F. (Ms)",2004,barrister/chung-la-fontaine-lf-ms,False,False
"Lo, Paulinus",2004,barrister/lo-paulinus,False,False
"Suen, Jenkin",2004,barrister/suen-jenkin,False,False
"Wong, Martin W.H.",2004,barrister/wong-martin-wh,False,False
"Tse, To Shing",2004,barrister/tse-shing,False,False
"Yip, Wing San Roy Bowie",2004,barrister/yip-wing-san-roy-bowie,False,False
"Tjia, Josephine L.Y. (Ms)",2004,barrister/tjia-josephine-ly-ms,False,False
"Chan, Vod K.S.",2004,barrister/chan-vod-ks,False,False
"Yip, Paul S.L.",2004,barrister/yip-paul-sl,False,False
"Turnbull, Richard Grant",2004,barrister/turnbull-richard-grant,False,False
"Li, Tony C.Y.",2004,barrister/li-tony-cy,False,False
"Wong, Abigail K.Y. (Ms)",2004,barrister/wong-abigail-ky-ms,False,False
"Liu, Teresa Y.M. (Ms)",2004,barrister/liu-teresa-ym-ms,False,False
"Chan, Yvonne K.M. (Ms)",2004,barrister/chan-yvonne-km-ms,False,False
"Rehman, Ubaid-Ur",2004,barrister/rehman-ubaid-ur,False,False
"Chu, Gary M.H.",2005,barrister/chu-gary-mh,False,False
"Sutherland, Mark R.C.",2005,barrister/sutherland-mark-rc,False,False
"Lau, Benny W.M.",2005,barrister/lau-benny-wm,False,False
"Mak, Paul W.P.",2005,barrister/mak-paul-wp,False,False
"Yu, Olive K.L. (Ms)",2005,barrister/yu-olive-kl-ms,False,False
"Yang, Eugenia (Ms)",2005,barrister/yang-eugenia-ms,False,False
"Chan, Anthony H.K.",2005,barrister/chan-anthony-hk,False,False
"Chak, Anny K.Y. (Ms)",2005,barrister/chak-anny-ky-ms,False,False
"Ho, Matthew L.C.",2005,barrister/ho-matthew-lc,False,False
"Cheung, Chris M.F.",2005,barrister/cheung-chris-mf,False,False
"Fan, Alan K.F.",2005,barrister/fan-alan-kf,False,False
"Tibbo, Robert",2005,barrister/tibbo-robert,False,False
"Lam, Isabella W.P. (Ms)",2005,barrister/lam-isabella-wp-ms,False,False
"So, Johnny C.M.",2005,barrister/so-johnny-cm,False,False
"Ma, Karen K.W. (Ms)",2005,barrister/ma-karen-kw-ms,False,False
"Lau, Kitty Y.C. (Ms)",2005,barrister/lau-kitty-yc-ms,False,False
"Chan, Sam Eddie",2005,barrister/chan-sam-eddie,False,False
"Halkes, Adrian John",2005,barrister/halkes-adrian-john,False,False
"Wu, Joyce H.S. (Ms)",2005,barrister/wu-joyce-hs-ms,False,False
"Wong, Kin Keung",2005,barrister/wong-kin-keung,False,False
"Shea, Ephrem P.K.",2005,barrister/shea-ephrem-pk,False,False
"Cheuk, Calvin Y.C.",2005,barrister/cheuk-calvin-yc,False,False
"Chan, Alwin W.H.",2005,barrister/chan-alwin-wh,False,False
"Daley, Angel Mak (Mrs)",2005,barrister/daley-angel-mak-mrs,False,False
"Chiu, Victor K.H.",2005,barrister/chiu-victor-kh,False,False
"Chong, Michelle C.M. (Ms)",2005,barrister/chong-michelle-cm-ms,False,False
"Cheng, Sky",2005,barrister/cheng-sky,False,False
"Fong, Yvonne S.W. (Ms)",2005,barrister/fong-yvonne-sw-ms,False,False
"Lee, Sylvia (Ms)",2005,barrister/lee-sylvia-ms,False,False
"Ho, Vivian W.H. (Ms)",2005,barrister/ho-vivian-wh-ms,False,False
"Liu, Steven Y.C.",2005,barrister/liu-steven-yc,False,False
"Sherry, Anthony James",2005,barrister/sherry-anthony-james,False,False
"Fung, Danny P.Y.",2005,barrister/fung-danny-py,False,False
"Lui, Nana W.T. (Ms)",2005,barrister/lui-nana-wt-ms,False,False
"Alva, Patricia E. (Ms)",2005,barrister/alva-patricia-e-ms,False,False
"Leung, Shannon (Ms)",2005,barrister/leung-shannon-ms,False,False
"Butt, Anthony",2005,barrister/butt-anthony,False,False
"Law, Lewis C.M.",2005,barrister/law-lewis-cm,False,False
"Lam, Andy Y.H.",2005,barrister/lam-andy-yh,False,False
"Chan, Margaret M.W. (Ms)",2005,barrister/chan-margaret-mw-ms,False,False
"Hew, Yang-Wahn",2005,barrister/hew-yang-wahn,False,False
"Poon, Noah (Ms)",2005,barrister/poon-noah-ms,False,False
"Lau, Clement C.M.",2005,barrister/lau-clement-cm,False,False
"Chu, Wai Kei",2005,barrister/chu-wai-kei,False,False
"Wong, Timothy Y.H.",2005,barrister/wong-timothy-yh,False,False
"Koo, Anna K.C. (Ms)",2005,barrister/koo-anna-kc-ms,False,False
"Tang, David W.K.",2005,barrister/tang-david-wk,False,False
"Ho, Jane T.C. (Ms)",2005,barrister/ho-jane-tc-ms,False,False
"Lau, Roy K.Y.",2005,barrister/lau-roy-ky,False,False
"Chao, Jolie T.K. (Ms)",2005,barrister/chao-jolie-tk-ms,False,False
"Juan, Albert K.H.",2006,barrister/juan-albert-kh,False,False
"Chu, Winnie W.C. (Ms)",2006,barrister/chu-winnie-wc-ms,False,False
"Kwok, Vanessa K.W. (Ms)",2006,barrister/kwok-vanessa-kw-ms,False,False
"Chan, Carol S.M. (Ms)",2006,barrister/chan-carol-sm-ms,False,False
"Iu, David D.H.",2006,barrister/iu-david-dh,False,False
"Tsui, Mabel Y.S. (Ms)",2006,barrister/tsui-mabel-ys-ms,False,False
"Ma, Stephen T.O.",2006,barrister/ma-stephen,False,False
"Lo, Charmaine H.W. (Ms)",2006,barrister/lo-charmaine-hw-ms,False,False
"Lee, Dick K.F.",2006,barrister/lee-dick-kf,False,False
"Hui, Wilson K.W.",2006,barrister/hui-wilson-kw,False,False
"So, Winifred Yvonne (Ms)",2006,barrister/so-winifred-yvonne-ms,False,False
"Leung, Desmond H.K.",2006,barrister/leung-desmond-hk,False,False
"Kwok, Dennis W.H.",2006,barrister/kwok-dennis-wh,False,False
"Chong, Manuel",2006,barrister/chong-manuel,False,False
"Leung, Christine (Ms)",2006,barrister/leung-christine-ms,False,False
"Leung, Annie W.M. (Ms)",2006,barrister/leung-annie-wm-ms,False,False
"Walsh, Wayne Patrick, S.C.",2006,barrister/walsh-wayne-patrick-sc,True,2015
"Whitfort, Amanda (Ms)",2006,barrister/whitfort-amanda-ms,False,False
"Nip, Norman S.P.",2006,barrister/nip-norman-sp,False,False
"Cheng, Ching Yee (Ms)",2006,barrister/cheng-ching-yee-ms,False,False
"Chow, Enzo W.H.",2006,barrister/chow-enzo-wh,False,False
"Reynolds, Guy O'Loghlen",2006,barrister/reynolds-guy-ologhlen,False,False
"Lai, Annie S.M. (Ms)",2006,barrister/lai-annie-sm-ms,False,False
"Li, Felix N.W.",2006,barrister/li-felix-nw,False,False
"Lee, Alan W.H.",2006,barrister/lee-alan-wh,False,False
"Cheung, Alexander H.F.",2006,barrister/cheung-alexander-hf,False,False
"Chong, Sezen K.Y. (Ms)",2006,barrister/chong-sezen-ky-ms,False,False
"Li, Kevin K.F.",2006,barrister/li-kevin-kf,False,False
"Lau, Angel W.Y. (Ms)",2006,barrister/lau-angel-wy-ms,False,False
"Lai, Liam T.H.",2006,barrister/lai-liam-th,False,False
"Leung, Adrian",2006,barrister/leung-adrian,False,False
"Tang, Kevin T.K.",2006,barrister/tang-kevin-tk,False,False
"Ko, Tony",2006,barrister/ko-tony,False,False
"D'Souza, Robin Gregory",2006,barrister/dsouza-robin-gregory,False,False
"Liu, Jerome C.W.",2006,barrister/liu-jerome-cw,False,False
"Leung, Ronny Y.W.",2006,barrister/leung-ronny-yw,False,False
"Mak, Kin Ming",2006,barrister/mak-kin-ming,False,False
"Cheng, Alfred C.P.",2006,barrister/cheng-alfred-cp,False,False
"Chow, Millie M.Y. (Ms)",2006,barrister/chow-millie-my-ms,False,False
"Poon, Edward T.B.",2006,barrister/poon-edward-tb,False,False
"Lui, Mike S.K.",2006,barrister/lui-mike-sk,False,False
"Lai, Kelvin K.W.",2006,barrister/lai-kelvin-kw,False,False
"Li, Laurence L.J.",2006,barrister/li-laurence-lj,False,False
"Yap, Ophelia C.C. (Ms)",2006,barrister/yap-ophelia-cc-ms,False,False
"Alder, Edward A.G.",2006,barrister/alder-edward-ag,False,False
"Wong, Brian M.W.",2006,barrister/wong-brian-mw,False,False
"Leung, Eric H.K.",2006,barrister/leung-eric-hk,False,False
"Wong, Mandy L.M. (Ms)",2007,barrister/wong-mandy-lm-ms,False,False
"Wong, Anita L.C. (Ms)",2007,barrister/wong-anita-lc-ms,False,False
"Poon, Kevin H.M.",2007,barrister/poon-kevin-hm,False,False
"Wang, Athena K.W. (Ms)",2007,barrister/wang-athena-kw-ms,False,False
"Cheung, Albert K.H.",2007,barrister/cheung-albert-kh,False,False
"Yuen, Ernest",2007,barrister/yuen-ernest,False,False
"Chan, Philip C.F.",2007,barrister/chan-philip-cf,False,False
"Khatwani, Priyam Vijay (Mrs)",2007,barrister/khatwani-priyam-vijay-mrs,False,False
"Lai, Adrian Y.H.",2007,barrister/lai-adrian-yh,False,False
"Ip, Chun Wah",2007,barrister/ip-chun-wah,False,False
"Lai, Jacky T.K.",2007,barrister/lai-jacky-tk,False,False
"Lui, Ann T.Y. (Ms)",2007,barrister/lui-ann-ty-ms,False,False
"Chan, Isaac C.K.",2007,barrister/chan-isaac-ck,False,False
"Kam, Vania C.M. (Ms)",2007,barrister/kam-vania-cm-ms,False,False
"Ng, Cheuk Kwan (Man Wai) Stanley",2007,barrister/ng-cheuk-kwan-man-wai-stanley,False,False
"Pun, Dominic W.H.",2007,barrister/pun-dominic-wh,False,False
"Lung, Vincent",2007,barrister/lung-vincent,False,False
"Wong, Simon S.",2007,barrister/wong-simon-s,False,False
"Chau, Jeffrey C.F.",2007,barrister/chau-jeffrey-cf,False,False
"Seto, Emma C.K. (Ms)",2007,barrister/seto-emma-ck-ms,False,False
"Ngan, Francis K.K.",2007,barrister/ngan-francis-kk,False,False
"Chan, Kalvin K.H.",2007,barrister/chan-kalvin-kh,False,False
"Char, Stephen S.N.",2007,barrister/char-stephen-sn,False,False
"Mok, Shaun S.M.",2007,barrister/mok-shaun-sm,False,False
"Fong, Frederick",2007,barrister/fong-frederick,False,False
"Pun, Chase C.M.",2007,barrister/pun-chase-cm,False,False
"So, Maria P.M. (Ms)",2007,barrister/so-maria-pm-ms,False,False
"Cheung, Ivy Y.Y. (Ms)",2007,barrister/cheung-ivy-yy-ms,False,False
"Hung, Andrew H.K.",2007,barrister/hung-andrew-hk,False,False
"Tam, Aidan L.F.",2007,barrister/tam-aidan-lf,False,False
"Lau, Bruce K.W.",2007,barrister/lau-bruce-kw,False,False
"Lau, Wan Ching (Ms)",2007,barrister/lau-wan-ching-ms,False,False
"Kei, Carmen (Ms)",2007,barrister/kei-carmen-ms,False,False
"Yuen, Joey W.L. (Ms)",2007,barrister/yuen-joey-wl-ms,False,False
"Lui, Verna (Ms)",2007,barrister/lui-verna-ms,False,False
"Chung, Dan",2007,barrister/chung-dan,False,False
"Lee, Siu Him",2007,barrister/lee-siu-him,False,False
"Cheung, Elizabeth Y. (Ms)",2007,barrister/cheung-elizabeth-y-ms,False,False
"Lok, Frances M.Y. (Ms)",2007,barrister/lok-frances-my-ms,False,False
"Lai, Kamina W.T. (Ms)",2007,barrister/lai-kamina-wt-ms,False,False
"Tsoi, Benson Y.M.",2007,barrister/tsoi-benson-ym,False,False
"Yung, Alan C.Y.",2007,barrister/yung-alan-cy,False,False
"Li, Liza L.S. (Ms)",2007,barrister/li-liza-ls-ms,False,False
"Wong, Clement Kai Ming",2007,barrister/wong-clement-kai-ming,False,False
"Lee, Christopher C.P.",2007,barrister/lee-christopher-cp,False,False
"Tam, Bonnie V.Y. (Ms)",2007,barrister/tam-bonnie-vy-ms,False,False
"Cheng, Bosco Y.K.",2007,barrister/cheng-bosco-yk,False,False
"Lam, Gary Chin Ching",2007,barrister/lam-gary-chin-ching,False,False
"Wang, Clark L.",2007,barrister/wang-clark-l,False,False
"Kwong, Alan",2008,barrister/kwong-alan,False,False
"Leung, Paul Po Sang",2008,barrister/leung-paul-po-sang,False,False
"Chain, Christopher S.L.",2008,barrister/chain-christopher-sl,False,False
"Ng, Kwok Wai, Peter",2008,barrister/ng-kwok-wai-peter,False,False
"Ho, Doris C.W. (Ms)",2008,barrister/ho-doris-cw-ms,False,False
"Fok, Johnny K.C.",2008,barrister/fok-johnny-kc,False,False
"Chui, Raymond K.H.",2008,barrister/chui-raymond-kh,False,False
"Lau, Keith K.K.",2008,barrister/lau-keith-kk,False,False
"Liu, Kelvin K.H.",2008,barrister/liu-kelvin-kh,False,False
"Tso, Denise Y.C. (Ms)",2008,barrister/tso-denise-yc-ms,False,False
"Yung, Eunice H.Y. (Ms)",2008,barrister/yung-eunice-hy-ms,False,False
"Tsang, Alvin",2008,barrister/tsang-alvin,False,False
"Chiu, Vennie (Ms)",2008,barrister/chiu-vennie-ms,False,False
"Chan, Julian S.F.",2008,barrister/chan-julian-sf,False,False
"Kwok, Eugene Julian",2008,barrister/kwok-eugene-julian,False,False
"Lau, Zabrina S.Y. (Ms)",2008,barrister/lau-zabrina-sy-ms,False,False
"Lau, Queenie F. (Ms)",2008,barrister/lau-queenie-f-ms,False,False
"Wong, Eric K.H.",2008,barrister/wong-eric-kh,False,False
"Young, Simon N.M.",2008,barrister/young-simon-nm,False,False
"Man, Hon Chiu",2008,barrister/man-hon-chiu,False,False
"Poon, Kate (Ms)",2008,barrister/poon-kate-ms,False,False
"Shek, Randy",2008,barrister/shek-randy,False,False
"Sin, Cindy S.Y. (Ms)",2008,barrister/sin-cindy-sy-ms,False,False
"Wat, Minnie (Ms)",2008,barrister/wat-minnie-ms,False,False
"Lai, Alex Y.H.",2008,barrister/lai-alex-yh,False,False
"Ho, Raymond",2008,barrister/ho-raymond,False,False
"Wan, Patrick P.S.",2008,barrister/wan-patrick-ps,False,False
"Chan, John",2008,barrister/chan-john,False,False
"Herbert, Elizabeth Anne (Ms)",2008,barrister/herbert-elizabeth-anne-ms,False,False
"Wong, Patrick S.L.",2008,barrister/wong-patrick-sl,False,False
"Lee, Joseph J.E.",2008,barrister/lee-joseph-je,False,False
"Yue, Percy P.S. (Ms)",2008,barrister/yue-percy-ps-ms,False,False
"Deng, Earl J.",2008,barrister/deng-earl-j,False,False
"Hui, John K.C.",2008,barrister/hui-john-kc,False,False
"TO, Ken C.",2008,barrister/ken-c,False,False
"Yuen, Ross M.Y.",2008,barrister/yuen-ross-my,False,False
"Lai, David Tak Shing",2008,barrister/lai-david-tak-shing,False,False
"Mak, Chui Wah (Ms)",2008,barrister/mak-chui-wah-ms,False,False
"Ma, Lawrence Y.K.",2008,barrister/ma-lawrence-yk,False,False
"Leung, Wilson",2008,barrister/leung-wilson,False,False
"Chan, Kay K.W.",2008,barrister/chan-kay-kw,False,False
"Lo, Benny",2008,barrister/lo-benny,False,False
"Chan, Joe W.Y.",2008,barrister/chan-joe-wy,False,False
"Chen, Vincent S.K.",2008,barrister/chen-vincent-sk,False,False
"Yan, Kwok Wing",2008,barrister/yan-kwok-wing,False,False
"Poon, Siu Bunn",2008,barrister/poon-siu-bunn,False,False
"Chung, Anthony P.W.",2008,barrister/chung-anthony-pw,False,False
"Li, Sai Keung",2008,barrister/li-sai-keung,False,False
"Wan, Conrad C.K.",2008,barrister/wan-conrad-ck,False,False
"Chan, Jessica W.Y. (Ms)",2008,barrister/chan-jessica-wy-ms,False,False
"Wong, Ada H.Y. (Ms)",2008,barrister/wong-ada-hy-ms,False,False
"Yip, Samuel C.H.",2008,barrister/yip-samuel-ch,False,False
"Fung, Henry L.W.",2008,barrister/fung-henry-lw,False,False
"Hu, Derek T.L.",2009,barrister/hu-derek-tl,False,False
"Seto, Kay (Ms)",2009,barrister/seto-kay-ms,False,False
"Crebbin, Diane M. (Ms)",2009,barrister/crebbin-diane-m-ms,False,False
"Tso, Grace (Ms)",2009,barrister/tso-grace-ms,False,False
"Kong, James A.C.",2009,barrister/kong-james-ac,False,False
"Parker, Timothy E.D.",2009,barrister/parker-timothy-ed,False,False
"Tsang, Emma T.C. (Ms)",2009,barrister/tsang-emma-tc-ms,False,False
"Connelly, Robert James",2009,barrister/connelly-robert-james,False,False
"Tam, Jeffrey C.K.",2009,barrister/tam-jeffrey-ck,False,False
"Li, Doris Y.Y. (Ms)",2009,barrister/li-doris-yy-ms,False,False
"Fung, Elliot Y.T.",2009,barrister/fung-elliot-yt,False,False
"Hariman, Wayne Gilbert",2009,barrister/hariman-wayne-gilbert,False,False
"Po, Rachel H.H. (Ms)",2009,barrister/po-rachel-hh-ms,False,False
"Lynn, Andrew N.",2009,barrister/lynn-andrew-n,False,False
"Remedios, Jose D'Almada",2009,barrister/remedios-jose-dalmada,False,False
"Yip, Yvonne H.Y. (Ms)",2009,barrister/yip-yvonne-hy-ms,False,False
"Lee, Vivian W.W. (Ms)",2009,barrister/lee-vivian-ww-ms,False,False
"Chan, Edward T.C.",2009,barrister/chan-edward-tc,False,False
"Lee, Jonathan K.W.",2009,barrister/lee-jonathan-kw,False,False
"Yu, Peter C.C.",2009,barrister/yu-peter-cc,False,False
"Liu, Alice C.K. (Ms)",2009,barrister/liu-alice-ck-ms,False,False
"Hui, William K.F.",2009,barrister/hui-william-kf,False,False
"Wong, Vivian W.M. (Ms)",2009,barrister/wong-vivian-wm-ms,False,False
"Suen, Henry C.H.",2009,barrister/suen-henry-ch,False,False
"Siu, Jo C.W. (Ms)",2009,barrister/siu-jo-cw-ms,False,False
"Nam, Fiona H.Y. (Ms)",2009,barrister/nam-fiona-hy-ms,False,False
"Ho, Sabrina S.Y. (Ms)",2009,barrister/ho-sabrina-sy-ms,False,False
"Ng, Felix L.H.",2009,barrister/ng-felix-lh,False,False
"Lam, Keith H.K.",2009,barrister/lam-keith-hk,False,False
"To, Cecilica Y.F. (Ms)",2009,barrister/cecilica-yf-ms,False,False
"Ho, Chi Man (Ms)",2009,barrister/ho-chi-man-ms,False,False
"Kong, Hin Man Raymond",2009,barrister/kong-hin-man-raymond,False,False
"Ho, Janet W.Y. (Ms)",2009,barrister/ho-janet-wy-ms,False,False
"Ma, Billy N.P.",2009,barrister/ma-billy-np,False,False
"Kwong, Vincent C.H.",2009,barrister/kwong-vincent-ch,False,False
"Lee, Connie H.Y. (Ms)",2009,barrister/lee-connie-hy-ms,False,False
"Huen, Clay",2009,barrister/huen-clay,False,False
"Kung, Selina J.Q. (Ms)",2009,barrister/kung-selina-jq-ms,False,False
"Chau, Brandon K.F.",2009,barrister/chau-brandon-kf,False,False
"Yeung, Alvin N.K.",2009,barrister/yeung-alvin-nk,False,False
"Lam, Kestrel",2009,barrister/lam-kestrel,False,False
"Chan, Leona (Ms)",2010,barrister/chan-leona-ms,False,False
"Cheung, Harrison C.H.",2010,barrister/cheung-harrison-ch,False,False
"Cohen, Julian A.",2010,barrister/cohen-julian,False,False
"Leung, Gregory",2010,barrister/leung-gregory,False,False
"Rooney, Kim Margaret (Ms)",2010,barrister/rooney-kim-margaret-ms,False,False
"Wong, James L.W.",2010,barrister/wong-james-lw,False,False
"Leung, Finnegan Meiji",2010,barrister/leung-finnegan-meiji,False,False
"Chan, Jacky Hei-Ching",2010,barrister/chan-jacky-hei-ching,False,False
"Babani, Navin H.",2010,barrister/babani-navin-h,False,False
"Sham, Jeffrey C.F.",2010,barrister/sham-jeffrey-cf,False,False
"Siu, Rachael Suk Yu (Ms)",2010,barrister/siu-rachael-suk-yu-ms,False,False
"Li, Vincent M.K.",2010,barrister/li-vincent-mk,False,False
"Ho, Helene S.W. (Ms)",2010,barrister/ho-helene-sw-ms-0,False,False
"Yuen, Siu Kei",2010,barrister/yuen-siu-kei,False,False
"Hughes, Sebastian",2010,barrister/hughes-sebastian,False,False
"Cheng, Victor Y.C.",2010,barrister/cheng-victor-yc,False,False
"Li, Max W.H.",2010,barrister/li-max-wh,False,False
"Kau, Kevin K.T.",2010,barrister/kau-kevin-kt,False,False
"Chow, Calvin L.M.",2010,barrister/chow-calvin-lm,False,False
"Hau, Stewart W.C.",2010,barrister/hau-stewart-wc,False,False
"Chan, Danny K.K.",2010,barrister/chan-danny-kk,False,False
"Lee, Arthur Redisall",2010,barrister/lee-arthur-redisall,False,False
"Chan, Fiona K.S. (Ms)",2010,barrister/chan-fiona-ks-ms,False,False
"Chan, Adgie N.K. (Ms)",2010,barrister/chan-adgie-nk-ms,False,False
"Law, Jeremy Ho San",2010,barrister/law-jeremy-ho-san,False,False
"Cheang, Garland",2010,barrister/cheang-garland,False,False
"Hui, Daniel",2010,barrister/hui-daniel,False,False
"Ng, Ernest C.C.",2010,barrister/ng-ernest-cc,False,False
"Cheng, Henry H.G.",2010,barrister/cheng-henry-hg,False,False
"Yeung, Eleanor (Ms)",2010,barrister/yeung-eleanor-ms,False,False
"Wong, Heung Yung",2010,barrister/wong-heung-yung,False,False
"Lo, Alan H.L.",2010,barrister/lo-alan-hl,False,False
"Wai, Sergius S .C.",2010,barrister/wai-sergius-s-c,False,False
"Chung, Vicky C.T. (Ms)",2010,barrister/chung-vicky-ct-ms,False,False
"Sit, Alfred Y.F.",2010,barrister/sit-alfred-yf,False,False
"Cheung, Lincoln",2010,barrister/cheung-lincoln,False,False
"Li, Jeffrey Y.T.",2010,barrister/li-jeffrey-yt,False,False
"Chan, Cathy W.Y. (Ms)",2010,barrister/chan-cathy-wy-ms,False,False
"Lo, Mabel M.P. (Ms)",2010,barrister/lo-mabel-mp-ms,False,False
"Chow, Carrie N.M. (Ms)",2011,barrister/chow-carrie-nm-ms,False,False
"Lo, Sek Man",2011,barrister/lo-sek-man,False,False
"Clark, Douglas Stephen",2011,barrister/clark-douglas-stephen,False,False
"Chan, Margaret K.M. (Ms)",2011,barrister/chan-margaret-km-ms,False,False
"Poon, Billy C.K.",2011,barrister/poon-billy-ck,False,False
"Cheung, David C.W.",2011,barrister/cheung-david-cw,False,False
"Sio, Chan In Devin",2011,barrister/sio-chan-devin,False,False
"Leung, Gary",2011,barrister/leung-gary,False,False
"But, Adrian T.",2011,barrister/adrian-t,False,False
"Bu, Yanan (Ms)",2011,barrister/bu-yanan-ms,False,False
"Tsoi, Eric Y.C.",2011,barrister/tsoi-eric-yc,False,False
"Fung, Pema W. (Ms)",2011,barrister/fung-pema-w-ms,False,False
"Tang, Candy S.M. (Ms)",2011,barrister/tang-candy-sm-ms,False,False
"Lau, Karen Y.Y. (Ms)",2011,barrister/lau-karen-yy-ms,False,False
"Yeung, Yu Kwan (Ms)",2011,barrister/yeung-yu-kwan-ms,False,False
"Joffe, Victor H.",2011,barrister/joffe-victor-h,False,False
"Cheung, Justin S .C.",2011,barrister/cheung-justin-s-c,False,False
"Yu, Leo C.T.",2011,barrister/yu-leo-ct,False,False
"Ng, Chau",2011,barrister/ng-chau,False,False
"Lau, Lydia (Ms)",2011,barrister/lau-lydia-ms,False,False
"Tang, Alexander K.M.",2011,barrister/tang-alexander-km,False,False
"Kam, Hugh T.T.",2011,barrister/kam-hugh-tt,False,False
"Siu, Frankie C.M.",2011,barrister/siu-frankie-cm,False,False
"Yim, Foster H.C.",2011,barrister/yim-foster-hc,False,False
"Lo, Chuck C.H.",2011,barrister/lo-chuck-ch,False,False
"Lee, Carol O.M. (Ms)",2011,barrister/lee-carol-om-ms,False,False
"Sze, Jeffrey C.Y.",2011,barrister/sze-jeffrey-cy,False,False
"Tang, Edward H.M.",2011,barrister/tang-edward-hm,False,False
"Toh, Tanie W.Y. (Ms)",2011,barrister/toh-tanie-wy-ms,False,False
"Siu, Patrick",2011,barrister/siu-patrick,False,False
"Hung, Shirley Cornelia (Ms)",2011,barrister/hung-shirley-cornelia-ms,False,False
"Chau, Brian",2011,barrister/chau-brian,False,False
"Yau, Norman C.M.",2011,barrister/yau-norman-cm,False,False
"Chan, David L.K.",2011,barrister/chan-david-lk,False,False
"Nari, Pinky (Ms)",2011,barrister/nari-pinky-ms,False,False
"Law, Deanna (Ms)",2011,barrister/law-deanna-ms,False,False
"Chen, David",2011,barrister/chen-david,False,False
"Wong, Rachel S.Y. (Ms)",2011,barrister/wong-rachel-sy-ms,False,False
"Chow, Ho Hin, Tony",2011,barrister/chow-ho-hin-tony,False,False
"Au, Clement K.M.",2011,barrister/au-clement-km,False,False
"Yip, Richard H.L.",2011,barrister/yip-richard-hl,False,False
"Lee, Ken T.C.",2011,barrister/lee-ken-tc,False,False
"Lam, Julian W.C.",2011,barrister/lam-julian-wc,False,False
"Leung, Colin",2011,barrister/leung-colin,False,False
"Kwong, Jeremy T.Y.",2011,barrister/kwong-jeremy-ty,False,False
"Tsang, Priscilla H. L. (Ms)",2011,barrister/tsang-priscilla-h-l-ms,False,False
"Ip, Ho Kin",2011,barrister/ip-ho-kin,False,False
"Cheng, Tobias Y.C.",2011,barrister/cheng-tobias-yc,False,False
"Cheng, Bonnie Y.K. (Ms)",2011,barrister/cheng-bonnie-yk-ms,False,False
"Yip, Micky T.B.",2011,barrister/yip-micky-tb,False,False
"Wong, Chun Kit, Adrian",2011,barrister/wong-chun-kit-adrian,False,False
"Lo, Benny W.H.",2012,barrister/lo-benny-wh,False,False
"Moir, Jane (Ms)",2012,barrister/moir-jane-ms,False,False
"Yu, Jason H.T.",2012,barrister/yu-jason-ht,False,False
"Wong, Alexsander S.T.",2012,barrister/wong-alexsander-st,False,False
"Ma, Belinda K.Y. (Ms)",2012,barrister/ma-belinda-ky-ms,False,False
"Marwah, Azan Aziz",2012,barrister/marwah-azan-aziz,False,False
"Tsin, Henry C.",2012,barrister/tsin-henry-c,False,False
"Tang, Raymond H.M.",2012,barrister/tang-raymond-hm,False,False
"Chan, Wilson R.",2012,barrister/chan-wilson-r,False,False
"Ling, Ebony Y.N. (Ms)",2012,barrister/ling-ebony-yn-ms,False,False
"Ning, Zoe (Ms)",2012,barrister/ning-zoe-ms,False,False
"Ting, Wong Kacee",2012,barrister/ting-wong-kacee,False,False
"Chan, Perry P.L.",2012,barrister/chan-perry-pl,False,False
"Lam, Solomon L.F.",2012,barrister/lam-solomon-lf,False,False
"Tsang, Byron C.Y.",2012,barrister/tsang-byron-cy,False,False
"Co, Dixon Y.T.",2012,barrister/co-dixon-yt,False,False
"Chan, Chun Sang",2012,barrister/chan-chun-sang,False,False
"Sze, Seon Ching Yantl (Ms)",2012,barrister/sze-seon-ching-yantl-ms,False,False
"Man, Casarinna C.Y. (Ms)",2012,barrister/man-casarinna-cy-ms,False,False
"Chan, Robert G.M.",2012,barrister/chan-robert-gm,False,False
"Chan, Derek J.Y.",2012,barrister/chan-derek-jy,False,False
"Mohan, Tania (Ms)",2012,barrister/mohan-tania-ms,False,False
"Yam, Kenwick W.M.",2012,barrister/yam-kenwick-wm,False,False
"Tsau, Margaret T.M. (Ms)",2012,barrister/tsau-margaret-tm-ms,False,False
"Yeung, Vincent",2012,barrister/yeung-vincent,False,False
"Lam, Jacqueline H.Y. (Ms)",2012,barrister/lam-jacqueline-hy-ms,False,False
"Hon, Lydia K.Y. (Ms)",2012,barrister/hon-lydia-ky-ms,False,False
"Tam, Grace Y.C. (Ms)",2012,barrister/tam-grace-yc-ms,False,False
"Yung, Clara Y.H. (Ms)",2012,barrister/yung-clara-yh-ms,False,False
"Gormley, Anthony Michael",2012,barrister/gormley-anthony-michael,False,False
"So, Martin",2012,barrister/so-martin,False,False
"Lee, Summly Sim",2012,barrister/lee-summly-sim,False,False
"Ho, Vanessa H.Y. (Ms)",2012,barrister/ho-vanessa-hy-ms,False,False
"Cheung, Charmine C.M. (Ms)",2012,barrister/cheung-charmine-cm-ms,False,False
"Sham, Richard Y.M.",2012,barrister/sham-richard-ym,False,False
"Li, Miranda Manyui (Ms)",2012,barrister/li-miranda-manyui-ms,False,False
"Lui, Victor T.S.",2012,barrister/lui-victor-ts,False,False
"Chim, Carter T. C.",2012,barrister/chim-carter-t-c,False,False
"Wong, Leo K.W.",2012,barrister/wong-leo-kw,False,False
"Kang, Yanan (Ms)",2012,barrister/kang-yanan-ms,False,False
"Tsang, Ray H.T.",2012,barrister/tsang-ray-ht,False,False
"Chow, Anna M.W. (Ms)",2012,barrister/chow-anna-mw-ms,False,False
"Kwong, Gilbert M.C.",2012,barrister/kwong-gilbert-mc,False,False
"Yeung, Julian C.P.",2012,barrister/yeung-julian-cp,False,False
"Cham, Yvonne M.Y. (Ms)",2012,barrister/cham-yvonne-my-ms,False,False
"Tseng, Christina (Ms)",2012,barrister/tseng-christina-ms,False,False
"Kan, Pak Him Christopher",2012,barrister/kan-pak-him-christopher,False,False
"Yuen, David K.K.",2012,barrister/yuen-david-kk,False,False
"Chung, Katy H.T. (Ms)",2012,barrister/chung-katy-ht-ms,False,False
"Chow, Edward K.Y.",2012,barrister/chow-edward-ky,False,False
"Fong, Forest L.H.",2013,barrister/fong-forest-lh,False,False
"Lun, Edward T.L.",2013,barrister/lun-edward-tl,False,False
"Shek, Carol Y.C. (Ms)",2013,barrister/shek-carol-yc-ms,False,False
"Tin, Tiffany S.W. (Ms)",2013,barrister/tin-tiffany-sw-ms,False,False
"Fung, Pak Kay",2013,barrister/fung-pak-kay,False,False
"Yeung, Wing Yan Wendy (Ms)",2013,barrister/yeung-wing-yan-wendy-ms,False,False
"Ho, Leon L.O.",2013,barrister/ho-leon-lo,False,False
"Ma, Van W.Y. (Ms)",2013,barrister/ma-van-wy-ms,False,False
"Man, Ka Ki Melo (Ms)",2013,barrister/man-ka-ki-melo-ms,False,False
"Ng, Lawrence Y.Y.",2013,barrister/ng-lawrence-yy,False,False
"Ngai, Matthew",2013,barrister/ngai-matthew,False,False
"Lie, Ming (Ms)",2013,barrister/lie-ming-ms,False,False
"Lau, Stanley Fai",2013,barrister/lau-stanley-fai,False,False
"Chan, Edward M.H.",2013,barrister/chan-edward-mh,False,False
"Suen, Stephen M. T.",2013,barrister/suen-stephen-m-t,False,False
"Baek, Soo Kyung (Ms)",2013,barrister/baek-soo-kyung-ms,False,False
"Fong, Shiu Man David",2013,barrister/fong-shiu-man-david,False,False
"Lam, Ho Yan Mike",2013,barrister/lam-ho-yan-mike,False,False
"Man, Lawrence",2013,barrister/man-lawrence,False,False
"Au, Lut Chi",2013,barrister/au-lut-chi,False,False
"Wong, Athena Hiu Hung (Ms)",2013,barrister/wong-athena-hiu-hung-ms,False,False
"Yu, Christine C.W. (Ms)",2013,barrister/yu-christine-cw-ms,False,False
"Wong, May Sum April (Ms)",2013,barrister/wong-may-sum-april-ms,False,False
"Ko, Anthony L.K.",2013,barrister/ko-anthony-lk,False,False
"Lam, Vivian Y.H. (Ms)",2013,barrister/lam-vivian-yh-ms,False,False
"Law, Ryan T. H.",2013,barrister/law-ryan-t-h,False,False
"Leung, Quinson",2013,barrister/leung-quinson,False,False
"Wong, Carol L.W. (Ms)",2013,barrister/wong-carol-lw-ms,False,False
"Fan, Hoi Kit Alex",2013,barrister/fan-hoi-kit-alex,False,False
"Yuen, Jensen Wing-Bong",2013,barrister/yuen-jensen-wing-bong,False,False
"Brown, Toby M.",2013,barrister/brown-toby-m,False,False
"Chu, Hung Him Raymond",2013,barrister/chu-hung-him-raymond,False,False
"Chow, Val P.Y.",2013,barrister/chow-val-py,False,False
"Wong, Sau Wai Manna (Ms)",2013,barrister/wong-sau-wai-manna-ms,False,False
"Lee, Cindy K.S. (Ms)",2013,barrister/lee-cindy-ks-ms,False,False
"Leung, Yin Ting Virginia (Ms)",2013,barrister/leung-yin-ting-virginia-ms,False,False
"Chau, Ian C.H.",2013,barrister/chau-ian-ch,False,False
"Tse, Andrew C.Y.",2013,barrister/tse-andrew-cy,False,False
"Yeung, Eddie S.K.",2013,barrister/yeung-eddie-sk,False,False
"Kwan, Kai Yu Billy",2013,barrister/kwan-kai-yu-billy,False,False
"Lee, Jason P.",2013,barrister/lee-jason-p,False,False
"Kong, Moses Dick Chi",2013,barrister/kong-moses-dick-chi,False,False
"Kwan, Ray K. H.",2013,barrister/kwan-ray-k-h,False,False
"Tam, Isabel C.Y. (Ms)",2013,barrister/tam-isabel-cy-ms,False,False
"Wong, Albert N.B.",2013,barrister/wong-albert-nb,False,False
"Yu, Bianca S.W. (Ms)",2013,barrister/yu-bianca-sw-ms,False,False
"Yu, Sze Yin Andrea (Ms)",2013,barrister/yu-sze-yin-andrea-ms,False,False
"Tong, Justin W.H.",2013,barrister/tong-justin-wh,False,False
"Lau, Karen C.K. (Ms)",2013,barrister/lau-karen-ck-ms,False,False
"Chow, Kar Fai Anthony",2013,barrister/chow-kar-fai-anthony,False,False
"Lam, Justin Yan Ming",2013,barrister/lam-justin-yan-ming,False,False
"Ng, Ernest C.Y.",2013,barrister/ng-ernest-cy,False,False
"Ho, Justin",2013,barrister/ho-justin,False,False
"Chow, Ho Kiu",2013,barrister/chow-ho-kiu,False,False
"Lau, Kerby C.Y.",2013,barrister/lau-kerby-cy,False,False
"Agnani, Meena K. (Ms)",2013,barrister/agnani-meena-k-ms,False,False
"Lam, Heather H.W. (Ms)",2013,barrister/lam-heather-hw-ms,False,False
"Tsang, Hing Tung Patrick",2013,barrister/tsang-hing-tung-patrick,False,False
"Thomson, Mary B.L. (Ms)",2013,barrister/thomson-mary-bl-ms,False,False
"Yu, Emily N.F. (Ms)",2013,barrister/yu-emily-nf-ms,False,False
"Slutsky, Holden N.",2013,barrister/slutsky-holden-n,False,False
"Tsang, Olivia (Ms)",2013,barrister/tsang-olivia-ms,False,False
"Souza, Denise L. (Ms)",2013,barrister/souza-denise-l-ms,False,False
"Chan, Sunny S. N.",2013,barrister/chan-sunny-s-n,False,False
"Mak, Lewis W.K.",2013,barrister/mak-lewis-wk,False,False
"Leung, Lawton",2013,barrister/leung-lawton,False,False
"Mak, Andy L.W.",2014,barrister/mak-andy-lw,False,False
"Zahir, Yasmine (Ms)",2014,barrister/zahir-yasmine-ms,False,False
"Marwah, Shaphan Habib",2014,barrister/marwah-shaphan-habib,False,False
"Ng, Eric Kar-yan",2014,barrister/ng-eric-kar-yan,False,False
"Tsang, Lorraine H.M. (Ms)",2014,barrister/tsang-lorraine-hm-ms,False,False
"Ngai, Suen Yan Angie (Ms)",2014,barrister/ngai-suen-yan-angie-ms,False,False
"Lok, Hui Yin Michael",2014,barrister/lok-hui-yin-michael,False,False
"Lin, Chantel Y. (Ms)",2014,barrister/lin-chantel-y-ms,False,False
"Lau, Hon Wang",2014,barrister/lau-hon-wang,False,False
"Wong, Edmond W.M.",2014,barrister/wong-edmond-wm,False,False
"Law, Hoi Man Jacqueline (Ms)",2014,barrister/law-hoi-man-jacqueline-ms,False,False
"Ho, Duncan D.H.",2014,barrister/ho-duncan-dh,False,False
"Tsui, Yan Yan Suzanne (Ms)",2014,barrister/tsui-yan-yan-suzanne-ms,False,False
"Chiu, Peter K.M.",2014,barrister/chiu-peter-km,False,False
"Choy, Joshua S.S.",2014,barrister/choy-joshua-ss,False,False
"Tam, Wilson Wai Shun",2014,barrister/tam-wilson-wai-shun,False,False
"Li, Cindy Shantong (Ms)",2014,barrister/li-cindy-shantong-ms,False,False
"Man, James K.H.",2014,barrister/man-james-kh,False,False
"Lee, Phyllis S.T. (Ms)",2014,barrister/lee-phyllis-st-ms,False,False
"Chong, Shing Chi Alvin",2014,barrister/chong-shing-chi-alvin,False,False
"Li, Philip S.Y.",2014,barrister/li-philip-sy,False,False
"Chau, Grace K.C. (Ms)",2014,barrister/chau-grace-kc-ms,False,False
"Sit, Bache",2014,barrister/sit-bache,False,False
"Ng, Sze Nok Senia (Ms)",2014,barrister/ng-sze-nok-senia-ms,False,False
"Ho, Martin C.H.",2014,barrister/ho-martin-ch,False,False
"Chan, Paul K.L.",2014,barrister/chan-paul-kl,False,False
"Leung, Eva W.Y. (Ms)",2014,barrister/leung-eva-wy-ms,False,False
"Chow, Leonard H.T.",2014,barrister/chow-leonard-ht,False,False
"Ho, Siu King Stanley",2014,barrister/ho-siu-king-stanley,False,False
"Mak, Arlina N.W. (Ms)",2014,barrister/mak-arlina-nw-ms,False,False
"Chow, Theresa L. (Ms)",2014,barrister/chow-theresa-l-ms,False,False
"Kwong, Wai Yu Claris (Ms)",2014,barrister/kwong-wai-yu-claris-ms,False,False
"Chung, Wing Sze Wallis (Ms)",2014,barrister/chung-wing-sze-wallis-ms,False,False
"Lam, Ka Yau Michael",2014,barrister/lam-ka-yau-michael,False,False
"Yu, Chi Hang Tim",2014,barrister/yu-chi-hang-tim,False,False
"Lai, Crystal H.C. (Ms)",2014,barrister/lai-crystal-hc-ms,False,False
"Lam, Stephanie Tuen Yee (Ms)",2014,barrister/lam-stephanie-tuen-yee-ms,False,False
"Cao, Yuan Shan",2014,barrister/cao-yuan-shan,False,False
"Luxton, Nicholas F.",2014,barrister/luxton-nicholas-f,False,False
"Mak, Ming Yin Newton",2014,barrister/mak-ming-yin-newton,False,False
"Oh, Nicholas C.M.",2014,barrister/oh-nicholas-cm,False,False
"Sum, Ka Ki Kathy (Ms)",2014,barrister/sum-ka-ki-kathy-ms,False,False
"Tse, Marco S.P.",2014,barrister/tse-marco-sp,False,False
"Wong, Cho Lik",2014,barrister/wong-cho-lik,False,False
"Chan, Lareina Joan (Ms)",2014,barrister/chan-lareina-joan-ms,False,False
"Kee, Vincent Shun Chi",2014,barrister/kee-vincent-shun-chi,False,False
"Wong, Ka Ho Thomas",2014,barrister/wong-ka-ho-thomas,False,False
"Wong, Alfred W.Y.",2014,barrister/wong-alfred-wy,False,False
"Cheung, Dorothy H.W. (Ms)",2014,barrister/cheung-dorothy-hw-ms,False,False
"Li, Jessica Y.T. (Ms)",2014,barrister/li-jessica-yt-ms,False,False
"Cheung, Prisca S.L. (Ms)",2014,barrister/cheung-prisca-sl-ms,False,False
"Kok, Martin Hiu Tin",2014,barrister/kok-martin-hiu-tin,False,False
"Chu, Sai Yu Alan",2014,barrister/chu-sai-yu-alan,False,False
"Sae-Pang, Jearn Jang",2014,barrister/sae-pang-jearn-jang,False,False
"Chan, Hei Wah Sharon (Ms)",2014,barrister/chan-hei-wah-sharon-ms,False,False
"Ho, Alan H.T.",2014,barrister/ho-alan-ht,False,False
"Barnes, Peter H.C.",2014,barrister/barnes-peter-hc,False,False
"Choy, Alison Y. Y. (Ms)",2014,barrister/choy-alison-y-y-ms,False,False
"Chan, Candy S.H. (Ms)",2014,barrister/chan-candy-sh-ms,False,False
"Kong, Cheuk Wing",2014,barrister/kong-cheuk-wing,False,False
"Yu, Lily Q. (Ms)",2014,barrister/yu-lily-q-ms,False,False
"Kuan, Hong Kin Daniel",2014,barrister/kuan-hong-kin-daniel,False,False
"Yip, Lynnmarie L.H. (Ms)",2014,barrister/yip-lynnmarie-lh-ms,False,False
"Lai, Ming",2014,barrister/lai-ming,False,False
"Todd, Richard Frazer",2014,barrister/todd-richard-frazer,False,False
"Leung, Kaiser K.H.",2015,barrister/leung-kaiser-kh,False,False
"Cheung, Jay Yung Kit",2015,barrister/cheung-jay-yung-kit,False,False
"Poon, Chi Ming",2015,barrister/poon-chi-ming,False,False
"Yung, Isaac M.S.",2015,barrister/yung-isaac-ms,False,False
"Li, Ngai",2015,barrister/li-ngai,False,False
"Yan, Chi Yee Angie (Ms)",2015,barrister/yan-chi-yee-angie-ms,False,False
"Kwok, Tsz Fung Breanne (Ms)",2015,barrister/kwok-tsz-fung-breanne-ms,False,False
"Chan, Jonathan Y.H.",2015,barrister/chan-jonathan-yh,False,False
"Hollander, Charles Simon",2015,barrister/hollander-charles-simon,False,False
"Lee, Hiu Yun Joyce (Ms)",2015,barrister/lee-hiu-yun-joyce-ms,False,False
"Phang, Roger Y.W.",2015,barrister/phang-roger-yw,False,False
"Moy, Phaik See (Ms)",2015,barrister/moy-phaik-see-ms,False,False
"Brar, Harprabdeep Singh",2015,barrister/brar-harprabdeep-singh,False,False
"Wong, Yu Yat Anson",2015,barrister/wong-yu-yat-anson,False,False
"Ng, Chung Luen Chris",2015,barrister/ng-chung-luen-chris,False,False
"Chiu, Betty (Ms)",2015,barrister/chiu-betty-ms,False,False
"Lai, Joyce P. L. (Ms)",2015,barrister/lai-joyce-p-l-ms,False,False
"Ma, Chun Man Amos",2015,barrister/ma-chun-man-amos,False,False
"Wong, Steffi Chun Nga (Ms)",2015,barrister/wong-steffi-chun-nga-ms,False,False
"Chiu, Mee Wan Josephine (Ms)",2015,barrister/chiu-mee-wan-josephine-ms,False,False
"Hui, Yu, Henry",2015,barrister/hui-yu-henry,False,False
"Lee, Kevin D.J.",2015,barrister/lee-kevin-dj,False,False
"Cheng, Kwan Lok Steve",2015,barrister/cheng-kwan-lok-steve,False,False
"Olley, Katherine Margaret (Ms)",2015,barrister/olley-katherine-margaret-ms,False,False
"Chun, Nicole Shuk Kwan (Ms)",2015,barrister/chun-nicole-shuk-kwan-ms,False,False
"Cheng, Hoi Lam Renee (Ms)",2015,barrister/cheng-hoi-lam-renee-ms,False,False
"Tse, William Siu-chung",2015,barrister/tse-william-siu-chung,False,False
"Cheng, Ken Y.H.",2015,barrister/cheng-ken-yh,False,False
"Chan, Albert Tze Man",2015,barrister/chan-albert-tze-man,False,False
"Kong, Siu Ching Cindy (Ms)",2015,barrister/kong-siu-ching-cindy-ms,False,False
"Lam, Jacky Kwok Yiu",2015,barrister/lam-jacky-kwok-yiu,False,False
"Kwok, Kelvin H.F.",2015,barrister/kwok-kelvin-hf,False,False
"Cheung, Matthew W.W.",2015,barrister/cheung-matthew-ww,False,False
"Tsui, Brian Ho Chuen",2015,barrister/tsui-brian-ho-chuen,False,False
"Chow, Yuen Ting Irene (Ms)",2015,barrister/chow-yuen-ting-irene-ms,False,False
"Wong, Yee Yan Joseph",2015,barrister/wong-yee-yan-joseph,False,False
"Li, Sean S.H.",2015,barrister/li-sean-sh,False,False
"Lui, Wing Chun Petra (Ms)",2015,barrister/lui-wing-chun-petra-ms,False,False
"Yau, Chi Wai Billy",2015,barrister/yau-chi-wai-billy,False,False
"Tai, Jonathan Kwan-hang",2015,barrister/tai-jonathan-kwan-hang,False,False
"Ma, Chelsea P.K. (Ms)",2015,barrister/ma-chelsea-pk-ms,False,False
"Lee, Kin Wang",2015,barrister/lee-kin-wang,False,False
"Chow, Sen Yee Priscilla (Ms)",2015,barrister/chow-sen-yee-priscilla-ms,False,False
"Chong, Fok Ching Fiona (Ms)",2015,barrister/chong-fok-ching-fiona-ms,False,False
"Ho, Melvin Hoh-chak",2015,barrister/ho-melvin-hoh-chak,False,False
"Chan, Stony S.W.",2015,barrister/chan-stony-sw,False,False
"Li, Sara C.W. (Ms)",2015,barrister/li-sara-cw-ms,False,False
"Chiang, Melinda M.C. (Ms)",2015,barrister/chiang-melinda-mc-ms,False,False
"Richards, Shiranne Marcelle (Ms)",2015,barrister/richards-shiranne-marcelle-ms,False,False
"Wong, Philip C.L.",2015,barrister/wong-philip-cl,False,False
"Wou, Wing Ka Carl",2015,barrister/wou-wing-ka-carl,False,False
"Ng, Lok Hang Sharon (Ms)",2015,barrister/ng-lok-hang-sharon-ms,False,False
"Lam, Robert C.K.",2015,barrister/lam-robert-ck,False,False
"Park, Wanki",2015,barrister/park-wanki,False,False
"Chan, Ken S.H.",2015,barrister/chan-ken-sh,False,False
"Wan, Gavin Pak Hang",2015,barrister/wan-gavin-pak-hang,False,False
"Liao, Minhao Tara (Ms)",2015,barrister/liao-minhao-tara-ms,False,False
"Chau, Hin Chung",2015,barrister/chau-hin-chung,False,False
"Kwok, Hong Lun Charles",2015,barrister/kwok-hong-lun-charles,False,False
"Allison, Sasha (Ms)",2015,barrister/allison-sasha-ms,False,False
"Chiu, Tsz Yin Rachel (Ms)",2015,barrister/chiu-tsz-yin-rachel-ms,False,False
"Yu, Wai Tim Michael",2015,barrister/yu-wai-tim-michael,False,False
"Ma, On Ki (Ms)",2015,barrister/ma-ki-ms,False,False
"Lam, Benjamin Chun Hei",2015,barrister/lam-benjamin-chun-hei,False,False
"Kung, Kin Chung",2015,barrister/kung-kin-chung,False,False
"Chan, Dickson Cheung Chun",2015,barrister/chan-dickson-cheung-chun,False,False
"Chuang, Polly P.Y. (Ms)",2015,barrister/chuang-polly-py-ms,False,False
"Cheung, Man Keung",2015,barrister/cheung-man-keung,False,False
"Sze Kwan, Alice Yee Lo (Ms)",2015,barrister/sze-kwan-alice-yee-lo-ms,False,False
"Cheng, Baltic Y. K. (Ms)",2015,barrister/cheng-baltic-y-k-ms,False,False
"Cheng, Holly H.C. (Ms)",2015,barrister/cheng-holly-hc-ms,False,False
"Siu, Miriam Tip Ching (Ms)",2015,barrister/siu-miriam-tip-ching-ms,False,False
"Lai, Anthony",2015,barrister/lai-anthony,False,False
"Tien, Kei Rui",2015,barrister/tien-kei-rui,False,False
"Man, Yin Ting (Ms)",2015,barrister/man-yin-ting-ms,False,False
"Lai, Matthew H.H.",2015,barrister/lai-matthew-hh,False,False
"Kao, Lai Ying (Ms)",2015,barrister/kao-lai-ying-ms,False,False
"Choy, Man Sik Chrystal (Ms)",2015,barrister/choy-man-sik-chrystal-ms,False,False
"Yue, Victoria W.Y. (Ms)",2016,barrister/yue-victoria-wy-ms,False,False
"Lee, Jun Alric",2016,barrister/lee-jun-alric,False,False
"Chok, Brian M.H.",2016,barrister/chok-brian-mh,False,False
"Lo, Brian T.Y.",2016,barrister/lo-brian-ty,False,False
"Lam, Tsz Yeung Timothy",2016,barrister/lam-tsz-yeung-timothy,False,False
"Li, Yin Ting Winnie (Ms)",2016,barrister/li-yin-ting-winnie-ms,False,False
"Lam, Claudia K.P. (Ms)",2016,barrister/lam-claudia-kp-ms,False,False
"Wong, Karen W.L. (Ms)",2016,barrister/wong-karen-wl-ms,False,False
"Yiu, Austin T.H.",2016,barrister/yiu-austin-th,False,False
"Tse, Siu Chung Dixon",2016,barrister/tse-siu-chung-dixon,False,False
"Ng, Eddie Hon Fai",2016,barrister/ng-eddie-hon-fai,False,False
"Sin, Wung Fung Oscar",2016,barrister/sin-wung-fung-oscar,False,False
"Chow, Tony C.H.",2016,barrister/chow-tony-ch,False,False
"Leung, Wing Kwan Sabrina (Ms)",2016,barrister/leung-wing-kwan-sabrina-ms,False,False
"Yau, Jeremy C.L.",2016,barrister/yau-jeremy-cl,False,False
"Li, Ricky K.Y.",2016,barrister/li-ricky-ky,False,False
"Au, Sze Ting Astina (Ms)",2016,barrister/au-sze-ting-astina-ms,False,False
"Tam, Keith",2016,barrister/tam-keith,False,False
"Tai, Chun Yin Terrence",2016,barrister/tai-chun-yin-terrence,False,False
"Xu, Qili Cherry (Ms)",2016,barrister/xu-qili-cherry-ms,False,False
"Wong, Hoi Ki Stephanie (Ms)",2016,barrister/wong-hoi-ki-stephanie-ms,False,False
"Ng, Ka Cheung Tom",2016,barrister/ng-ka-cheung-tom,False,False
"Chiu, Vincent C.W.",2016,barrister/chiu-vincent-cw,False,False
"Yuen, Victor Y.C.",2016,barrister/yuen-victor-yc,False,False
"Kwok, Sin (Ms)",2016,barrister/kwok-sin-ms,False,False
"Lee, Ka Wing Katrina (Ms)",2016,barrister/lee-ka-wing-katrina-ms,False,False
"Lee, Ivan C.H.",2016,barrister/lee-ivan-ch,False,False
"Yeung, Man Kin Mike",2016,barrister/yeung-man-kin-mike,False,False
"Lam, Ho Pong Ivan",2016,barrister/lam-ho-pong-ivan,False,False
"Lui, Vickie Hei Yue (Ms)",2016,barrister/lui-vickie-hei-yue-ms,False,False
"Yeung, Jacky C.K.",2016,barrister/yeung-jacky-ck,False,False
"Suen, Man Ho Ivan",2016,barrister/suen-man-ho-ivan,False,False
"Mui, Yui Ting Angela (Ms)",2016,barrister/mui-yui-ting-angela-ms,False,False
"Man, Ka Lok Richard",2016,barrister/man-ka-lok-richard,False,False
"Mao, Mao Adela (Ms)",2016,barrister/mao-mao-adela-ms,False,False
"Wen, Shu",2016,barrister/wen-shu,False,False
"Lai, Ping Tak Peter",2016,barrister/lai-ping-tak-peter,False,False
"Xiao, Huiting (Ms)",2016,barrister/xiao-huiting-ms,False,False
"Chow, Hang Tung (Ms)",2016,barrister/chow-hang-tung-ms,False,False
"Hung, Stephanie Yujie (Ms)",2016,barrister/hung-stephanie-yujie-ms,False,False
"Lau, Alice Y.C. (Ms)",2016,barrister/lau-alice-yc-ms,False,False
"Chung, Martin S.W.",2016,barrister/chung-martin-sw,False,False
"Leung, Sze Lum",2016,barrister/leung-sze-lum,False,False
"Ko, Stephanie Cho Wing (Ms)",2016,barrister/ko-stephanie-cho-wing-ms,False,False
"Lau, Timothy T.Y.",2016,barrister/lau-timothy-ty,False,False
"Lee, Jason Chak-yan",2016,barrister/lee-jason-chak-yan,False,False
"Chong, Gilbert H.W.",2016,barrister/chong-gilbert-hw,False,False
"Chiu, Pak Hei Patrick",2016,barrister/chiu-pak-hei-patrick,False,False
"Chan, Avery K.H.",2016,barrister/chan-avery-kh,False,False
"Chan, Vivien Man Wai (Ms)",2016,barrister/chan-vivien-man-wai-ms,False,False
"Lee, Ken K.C.",2016,barrister/lee-ken-kc,False,False
"Pang, Hei Man Ellen (Ms)",2016,barrister/pang-hei-man-ellen-ms,False,False
"Lau, Ka Kin",2016,barrister/lau-ka-kin,False,False
"Tsui, Yin (Ms)",2016,barrister/tsui-yin-ms,False,False
"Tsui, Kwok Kei Antonio",2016,barrister/tsui-kwok-kei-antonio,False,False
"Pang, Ronald Tse Fung",2016,barrister/pang-ronald-tse-fung,False,False
"Tam, Nok Ting",2016,barrister/tam-nok-ting,False,False
"Lee, Hui Jen Michael",2016,barrister/lee-hui-jen-michael,False,False
"Ismail, Justin Paul",2016,barrister/ismail-justin-paul,False,False
"Ma, Duncan Ming Chun",2016,barrister/ma-duncan-ming-chun,False,False
"Chan, Joyce M.Y. (Ms)",2016,barrister/chan-joyce-my-ms,False,False
"Chiang, Allan Y.W.",2016,barrister/chiang-allan-yw,False,False
"Martin, Thomas Clifford",2016,barrister/martin-thomas-clifford,False,False
"So, Tsz Ngai Roger",2016,barrister/so-tsz-ngai-roger,False,False
"Chung, Adrian Jo Yee",2016,barrister/chung-adrian-jo-yee,False,False
"Wong, So Na Sally (Ms)",2016,barrister/wong-so-na-sally-ms,False,False
"Chan, Yip Hei",2016,barrister/chan-yip-hei,False,False
"Wong, Yuen Pui Christy (Ms)",2016,barrister/wong-yuen-pui-christy-ms,False,False
"McCoy, Kim Joseph",2016,barrister/mccoy-kim-joseph,False,False
"Lai, Jeffrey H.J.",2016,barrister/lai-jeffrey-hj,False,False
"Li, Billy O.Y.",2016,barrister/li-billy-oy,False,False
"Lam, Mavis Ching Heng (Ms)",2016,barrister/lam-mavis-ching-heng-ms,False,False
"Lee, Wing Ki (Ms)",2017,barrister/lee-wing-ki-ms,False,False
"Tam, Chung Hin Tasman",2017,barrister/tam-chung-hin-tasman,False,False
"Li, Taylor L.K.",2017,barrister/li-taylor-lk,False,False
"Lau, Rachel T.Y. (Ms)",2017,barrister/lau-rachel-ty-ms,False,False
"Chau, Stephanie Y.Y. (Ms)",2017,barrister/chau-stephanie-yy-ms,False,False
"Li, Chun Ngai Martin",2017,barrister/li-chun-ngai-martin,False,False
"Yuen, Mei Sharon (Ms)",2017,barrister/yuen-mei-sharon-ms,False,False
"Chan, Hugo H.C.",2017,barrister/chan-hugo-hc,False,False
"Lo, Yiu Yeung Adrian",2017,barrister/lo-yiu-yeung-adrian,False,False
"Hor, Alvin Chun Tak",2017,barrister/hor-alvin-chun-tak,False,False
"Chan, Jeff H.Y.",2017,barrister/chan-jeff-hy,False,False
"To, Cheuk Lun Alan",2017,barrister/cheuk-lun-alan,False,False
"Chan, Pakco P.F.",2017,barrister/chan-pakco-pf,False,False
"Chan, Kai Ming",2017,barrister/chan-kai-ming,False,False
"Chan, Ka Ki Jacqueline (Ms)",2017,barrister/chan-ka-ki-jacqueline-ms,False,False
"Poon, Wing Keung Ryan",2017,barrister/poon-wing-keung-ryan,False,False
"Chan, Jevons C.H.",2017,barrister/chan-jevons-ch,False,False
"Lai, Chun Ho",2017,barrister/lai-chun-ho,False,False
"Ho, Lok Hin",2017,barrister/ho-lok-hin,False,False
"Cheung, Tommy T.W.",2017,barrister/cheung-tommy-tw,False,False
"Hunter, Hugh Rowan",2017,barrister/hunter-hugh-rowan,False,False
"Lau, Priscilla Y.K. (Ms)",2017,barrister/lau-priscilla-yk-ms,False,False
"Leung, Sai Chi",2017,barrister/leung-sai-chi,False,False
"Mo, Alison K.P. (Ms)",2017,barrister/mo-alison-kp-ms,False,False
"Chung, Kam Man Peter",2017,barrister/chung-kam-man-peter,False,False
"Lai, Kam Wah",2017,barrister/lai-kam-wah,False,False
"Im, Hyoun Sil (Ms)",2017,barrister/im-hyoun-sil-ms,False,False
"Wan, Chun Yau",2017,barrister/wan-chun-yau,False,False
"Cheung, Dicky C.H.",2017,barrister/cheung-dicky-ch,False,False
"Poon, Yan Joyce (Ms)",2017,barrister/poon-yan-joyce-ms,False,False
"Ng, Joseph C.S.",2017,barrister/ng-joseph-cs,False,False
"Kung, Jolie M.H. (Ms)",2017,barrister/kung-jolie-mh-ms,False,False
"Ng, Jacquelyn Ga Hei (Ms)",2017,barrister/ng-jacquelyn-ga-hei-ms,False,False
"Leung, Yee Ma Ema (Ms)",2017,barrister/leung-yee-ma-ema-ms,False,False
"Wong, Chak Yin",2017,barrister/wong-chak-yin,False,False
"Mok, Yin Ting Tina (Ms)",2017,barrister/mok-yin-ting-tina-ms,False,False
"Lau, Cheuk Kei Kevin",2017,barrister/lau-cheuk-kei-kevin,False,False
"Lam, Jaime C.H. (Ms)",2017,barrister/lam-jaime-ch-ms,False,False
"Ho, Sin Yung Sharon (Ms)",2017,barrister/ho-sin-yung-sharon-ms,False,False
"Booth, Madeleine Nicolle (Ms)",2017,barrister/booth-madeleine-nicolle-ms,False,False
"Clough, Michelle Anne (Ms)",2017,barrister/clough-michelle-anne-ms,False,False
"Wong, Clement Kai Ting",2017,barrister/wong-clement-kai-ting,False,False
"Ng, Ka Hin Caspar",2017,barrister/ng-ka-hin-caspar,False,False
"Chan, Chin Chung Norris (Ms)",2017,barrister/chan-chin-chung-norris-ms,False,False
"Wong, Shu Ting Sheena (Ms)",2017,barrister/wong-shu-ting-sheena-ms,False,False
"Tang, Chun Kit Danny",2017,barrister/tang-chun-kit-danny,False,False
"Chiu, Pok On Byron Conrad",2017,barrister/chiu-pok-byron-conrad,False,False
"Chan, Ngo Him Joshua",2017,barrister/chan-ngo-him-joshua,False,False
"Ko, Yan Lim",2017,barrister/ko-yan-lim,False,False
"Wu, Margaret Su-ka (Ms)",2017,barrister/wu-margaret-su-ka-ms,False,False
"Chan, Jack Y.K.",2017,barrister/chan-jack-yk,False,False
"Leung, Dan",2017,barrister/leung-dan,False,False
"Lee, Yuk Pui Paul",2017,barrister/lee-yuk-pui-paul,False,False
"Lai, Richie",2017,barrister/lai-richie,False,False
"Lai, Christina K.Y. (Ms)",2017,barrister/lai-christina-ky-ms,False,False
"Wong, Lok Yu (Ms)",2017,barrister/wong-lok-yu-ms,False,False
"Chu, Heung Ming Stephen",2017,barrister/chu-heung-ming-stephen,False,False
"Golchha, Jayant",2017,barrister/golchha-jayant,False,False
"Pang, Ho Yuen Lawrence",2017,barrister/pang-ho-yuen-lawrence,False,False
"Lau, Hon Ping Andrew",2017,barrister/lau-hon-ping-andrew,False,False
"Leung, Ching Yee Lydia (Ms)",2017,barrister/leung-ching-yee-lydia-ms,False,False
"Man, Kelvin K.Y.",2017,barrister/man-kelvin-ky,False,False
"To, Wing Christopher",2017,barrister/wing-christopher,False,False
"Liu, Pui Chi (Ms)",2017,barrister/liu-pui-chi-ms,False,False
"Bong-Kwan, Justin Chun Yin",2017,barrister/bong-kwan-justin-chun-yin,False,False
"Chan, Eliza M.K. (Ms)",2017,barrister/chan-eliza-mk-ms,False,False
"Kirpalani, Lavesh Prakash",2017,barrister/kirpalani-lavesh-prakash,False,False
"Law, Hong Ming Christopher",2017,barrister/law-hong-ming-christopher,False,False
"Cheung, Ming Tai Edward",2017,barrister/cheung-ming-tai-edward,False,False
"Tso, Yat Long",2017,barrister/tso-yat-long,False,False
"Woo, Kevin",2017,barrister/woo-kevin,False,False
"Chan, Mandy S.S. (Ms)",2017,barrister/chan-mandy-ss-ms,False,False
"Lai, Ho Yeung",2018,barrister/lai-ho-yeung-0,False,False
"Wong, Ka Ka (Ms)",2018,barrister/wong-ka-ka-ms,False,False
"Lee, Rosa K.Y. (Ms)",2018,barrister/lee-rosa-ky-ms,False,False
"Chan, Tiffany P.L. (Ms)",2018,barrister/chan-tiffany-pl-ms,False,False
"Yung, Winson K.F.",2018,barrister/yung-winson-kf,False,False
"Li, Wai Kin Marco",2018,barrister/li-wai-kin-marco,False,False
"Sheung, Ryan T.H.",2018,barrister/sheung-ryan-th,False,False
"To, Kenny K.L.",2018,barrister/kenny-kl,False,False
"Kanjanapas, Suriyan Joshua (Joshua S.K. Wong)",2018,barrister/kanjanapas-suriyan-joshua-joshua-sk-wong,False,False
"Kong, Mei Yi Charlotte (Ms)",2018,barrister/kong-mei-yi-charlotte-ms,False,False
"Law, Ricky M.K.",2018,barrister/law-ricky-mk,False,False
"Chung, Ho Chai Francis",2018,barrister/chung-ho-chai-francis,False,False
"Lau, Patrick Y.S.",2018,barrister/lau-patrick-ys,False,False
"Lee, Amanda P.S. (Ms)",2018,barrister/lee-amanda-ps-ms,False,False
"Leung, Dexter J.F.C.",2018,barrister/leung-dexter-jfc,False,False
"Lee, Jeffrey K.L.",2018,barrister/lee-jeffrey-kl,False,False
"Ho, Wing In Ivy (Ms)",2018,barrister/ho-wing-ivy-ms,False,False
"Ho, Chi Chun",2018,barrister/ho-chi-chun,False,False
"Chan, Pak Yue Vivian (Ms)",2018,barrister/chan-pak-yue-vivian-ms,False,False
"Yeung, Suet Ching Cordelia (Ms)",2018,barrister/yeung-suet-ching-cordelia-ms,False,False
"Dong, Tsun Wah Peter",2018,barrister/dong-tsun-wah-peter,False,False
"Lui, Victor",2018,barrister/lui-victor,False,False
"Miao, Kee Chang Harrison",2018,barrister/miao-kee-chang-harrison,False,False
"Cheung, Wun Yan Jasmine (Ms)",2018,barrister/cheung-wun-yan-jasmine-ms,False,False
"Ng, Kurt C.Y.",2018,barrister/ng-kurt-cy,False,False
"Wong, Angel H.Y. (Ms)",2018,barrister/wong-angel-hy-ms,False,False
"Wong, Kai Ning Stephanie (Ms)",2018,barrister/wong-kai-ning-stephanie-ms,False,False
"Lo, Shuk Ching Phona (Ms)",2018,barrister/lo-shuk-ching-phona-ms,False,False
"Mok, Wah Fun Peter",2018,barrister/mok-wah-fun-peter,False,False
"Leung, Mark Hon Kei",2018,barrister/leung-mark-hon-kei,False,False
"Tsang, Hing Ting (Ms)",2018,barrister/tsang-hing-ting-ms,False,False
"Dou, Chi Yan Michelle (Ms)",2018,barrister/dou-chi-yan-michelle-ms,False,False
"Leung, Lok Man Teresa (Ms)",2018,barrister/leung-lok-man-teresa-ms,False,False
"But, Sun Wai",2018,barrister/sun-wai,False,False
"Wong, Ting Fung Ernest",2018,barrister/wong-ting-fung-ernest,False,False
"Ng, Michael H.F.",2018,barrister/ng-michael-hf,False,False
"Chan, Chai Chau",2018,barrister/chan-chai-chau,False,False
"Chui, Hiu Fung Roy",2018,barrister/chui-hiu-fung-roy,False,False
"Yau, Tze Man Mandy (Ms)",2018,barrister/yau-tze-man-mandy-ms,False,False
"Cheng, Long Ching Evelyn (Ms)",2018,barrister/cheng-long-ching-evelyn-ms,False,False
"Law, Jason S.H.",2018,barrister/law-jason-sh,False,False
"Law, Ka Sing",2018,barrister/law-ka-sing,False,False
"Chan, Valerie Mo-yin (Ms)",2018,barrister/chan-valerie-mo-yin-ms,False,False
"Cheung, Lai Tung (Ms)",2018,barrister/cheung-lai-tung-ms,False,False
"Wang, Xizhen",2018,barrister/wang-xizhen,False,False
"Chan, Joey H.M.",2018,barrister/chan-joey-hm,False,False
"Yeung, Geoffrey Ka Wai",2018,barrister/yeung-geoffrey-ka-wai,False,False
"Chan, Chun Hei Ryan",2018,barrister/chan-chun-hei-ryan,False,False
"Shiu, Lik King",2018,barrister/shiu-lik-king,False,False
"Chan, Joyce H.T. (Ms)",2018,barrister/chan-joyce-ht-ms,False,False
"Tang, Alan S.L.",2018,barrister/tang-alan-sl,False,False
"Liu, Ka Pui Michelle (Ms)",2018,barrister/liu-ka-pui-michelle-ms,False,False
"Lok, Tsz Kwan Jenny (Ms)",2018,barrister/lok-tsz-kwan-jenny-ms-0,False,False
"Chan, Ka Yan Karen (Ms)",2018,barrister/chan-ka-yan-karen-ms-0,False,False
"Cheung, Chi Fong Yvonne (Ms)",2018,barrister/cheung-chi-fong-yvonne-ms,False,False
"Au, Julia Ming-hao (Ms)",2018,barrister/au-julia-ming-hao-ms,False,False
"Au, Arthur Hue-yeung",2018,barrister/au-arthur-hue-yeung-0,False,False
"Chow, Sam H.L.",2018,barrister/chow-sam-hl-0,False,False
"Kwok, Joyce Y.Y. (Ms)",2018,barrister/kwok-joyce-yy-ms-0,False,False
"Li, Nicole Y.T. (Ms)",2018,barrister/li-nicole-yt-ms-0,False,False
"Lee, Wai Nam Bryan",2018,barrister/lee-wai-nam-bryan,False,False
"Lau, On Kwok Acorn",2018,barrister/lau-kwok-acorn-0,False,False
"Ho, Look Chan",2018,barrister/ho-look-chan,False,False
"Chan, Lee Lung Kenny",2018,barrister/chan-lee-lung-kenny-0,False,False
"Ip, Hui Yan Lilian (Ms)",2018,barrister/ip-hui-yan-lilian-ms-0,False,False
"Leung, Ka Yeung Kevin",2018,barrister/leung-ka-yeung-kevin,False,False
"Mui, Hoi Tat",2018,barrister/mui-hoi-tat,False,False
"Chan, Kui Pang Benjamin",2018,barrister/chan-kui-pang-benjamin-0,False,False
"Lau, Kai",2018,barrister/lau-kai-0,False,False
"Wu, Yingpeng",2018,barrister/wu-yingpeng,False,False
"Lam, Hiu Ting Flora (Ms)",2018,barrister/lam-hiu-ting-flora-ms-0,False,False
"Li, Karen (Ms)",2018,barrister/li-karen-ms,False,False
"Chan, Ka Shu Wilson",2018,barrister/chan-ka-shu-wilson,False,False
"Wong, Yeung Hou Howard",2018,barrister/wong-yeung-hou-howard-0,False,False
"Li, Chor Kue Vivian (Ms)",2018,barrister/li-chor-kue-vivian-ms-0,False,False
"Mason, Lee C.",2018,barrister/mason-lee-c,False,False
"Ng, Cecilia Sze Sze (Ms)",2018,barrister/ng-cecilia-sze-sze-ms,False,False
"Li, Pak Hei",2018,barrister/li-pak-hei,False,False
"Mok, Cheuk Yuen Billy",2018,barrister/mok-cheuk-yuen-billy,False,False
"Wong, Wai Yee Allison (Ms)",2018,barrister/wong-wai-yee-allison-ms,False,False
"Shum, Ka Ching Kelly (Ms)",2018,barrister/shum-ka-ching-kelly-ms,False,False
"Fan, Wing Sum Jennifer (Ms)",2018,barrister/fan-wing-sum-jennifer-ms,False,False
"Ho, Wing Chi Gigi (Ms)",2018,barrister/ho-wing-chi-gigi-ms,False,False
"So, Simon S.Y.",2018,barrister/so-simon-sy,False,False
"Chan, Charlotte O.T. (Ms)",2018,barrister/chan-charlotte-ot-ms,False,False
"Wong, Kwok Cheong",2018,barrister/wong-kwok-cheong,False,False
"Lam, Brendan Hing Chau",2018,barrister/lam-brendan-hing-chau,False,False
"Nagpal, Deepak",2018,barrister/nagpal-deepak,False,False
"Pak, Jethro Sek Huen",2018,barrister/pak-jethro-sek-huen,False,False
"Wong, Sally S.Y. (Ms)",2018,barrister/wong-sally-sy-ms,False,False
"Chan, Elvin H.C.",2018,barrister/chan-elvin-hc,False,False
"Wong, Thomas W.K.",2018,barrister/wong-thomas-wk,False,False
"Wong, Ho Nam Wesley",2018,barrister/wong-ho-nam-wesley,False,False
"Yip, Jacqueline P.Y. (Ms)",2018,barrister/yip-jacqueline-py-ms,False,False
"Lau, Karry W.Y. (Ms)",2018,barrister/lau-karry-wy-ms,False,False
"Leung, Michael M.H.",2018,barrister/leung-michael-mh,False,False
"Benami, Emmanuel",2018,barrister/benami-emmanuel,False,False
"Lau, Andrew Christopher",2018,barrister/lau-andrew-christopher,False,False
"Tsang, Hoi Ki Jonathan",2018,barrister/tsang-hoi-ki-jonathan,False,False
"Wong, Hok Yan",2018,barrister/wong-hok-yan,False,False
"Wan, Lok Him",2019,barrister/wan-lok-him,False,False
